track_name,artist(s)_name,released_year,streams,bpm,key,mode,danceability_%,valence_%,energy_%,acousticness_%,instrumentalness_%,liveness_%,speechiness_%,streams_category
Seven (feat. Latto) (Explicit Ver.),"Latto, Jung Kook",2023,141381703.0,125,B,Major,80,89,83,31,0,8,4,Very High
LALA,Myke Towers,2023,133716286.0,92,C#,Major,71,61,74,7,0,10,4,High
vampire,Olivia Rodrigo,2023,140003974.0,138,F,Major,51,32,53,17,0,31,6,Very High
Cruel Summer,Taylor Swift,2019,800840817.0,170,A,Major,55,58,72,11,0,11,15,Very High
WHERE SHE GOES,Bad Bunny,2023,303236322.0,144,A,Minor,65,23,80,14,63,11,6,Very High
Sprinter,"Dave, Central Cee",2023,183706234.0,141,C#,Major,92,66,58,19,0,8,24,Very High
Ella Baila Sola,"Eslabon Armado, Peso Pluma",2023,725980112.0,148,F,Minor,67,83,76,48,0,8,3,Very High
Columbia,Quevedo,2023,58149378.0,100,F,Major,67,26,71,37,0,11,4,
fukumean,Gunna,2023,95217315.0,130,C#,Minor,85,22,62,12,0,28,9,Low
La Bebe - Remix,"Peso Pluma, Yng Lvcas",2023,553634067.0,170,D,Minor,81,56,48,21,0,8,33,Very High
un x100to,"Bad Bunny, Grupo Frontera",2023,505671438.0,83,F#,Minor,57,56,72,23,0,27,5,Very High
Super Shy,NewJeans,2023,58255150.0,150,F,Minor,78,52,82,18,0,15,7,
Flowers,Miley Cyrus,2023,1316855716.0,118,,Major,71,65,68,6,0,3,7,Very High
Daylight,David Kushner,2023,387570742.0,130,D,Minor,51,32,43,83,0,9,3,Very High
As It Was,Harry Styles,2022,2513188493.0,174,F#,Minor,52,66,73,34,0,31,6,Very High
Kill Bill,SZA,2022,1163093654.0,89,G#,Major,64,43,73,5,17,16,4,Very High
Cupid - Twin Ver.,Fifty Fifty,2023,496795686.0,120,B,Minor,78,76,59,43,0,34,3,Very High
"What Was I Made For? [From The Motion Picture ""Barbie""]",Billie Eilish,2023,30546883.0,78,,Major,44,14,9,96,0,10,3,
Classy 101,"Feid, Young Miko",2023,335222234.0,100,B,Major,86,67,66,14,0,12,16,Very High
Like Crazy,Jimin,2023,363369738.0,120,G,Major,63,36,73,0,0,36,4,Very High
LADY GAGA,"Gabito Ballesteros, Junior H, Peso Pluma",2023,86444842.0,140,F,Minor,65,87,74,22,0,42,4,Low
I Can See You (Taylorï¿½ï¿½ï¿½s Version) (From The ,Taylor Swift,2023,52135248.0,123,F#,Major,69,82,76,6,0,6,3,
I Wanna Be Yours,Arctic Monkeys,2013,1297026226.0,135,,Minor,48,44,42,12,2,11,3,Very High
"Peso Pluma: Bzrp Music Sessions, Vol. 55","Bizarrap, Peso Pluma",2023,200647221.0,133,F,Minor,85,81,67,26,0,12,5,Very High
Popular (with Playboi Carti & Madonna) - The Idol Vol. 1 (Music from the HBO Original Series),"The Weeknd, Madonna, Playboi Carti",2023,115364561.0,99,C#,Major,85,83,68,7,0,36,20,Medium
SABOR FRESA,Fuerza Regida,2023,78300654.0,130,G,Minor,79,96,86,9,0,9,9,
Calm Down (with Selena Gomez),"Rï¿½ï¿½ma, Selena G",2022,899183384.0,107,B,Major,80,82,80,43,0,14,4,Very High
MOJABI GHOST,"Tainy, Bad Bunny",2023,61245289.0,122,F#,Minor,81,74,71,14,0,56,4,
Last Night,Morgan Wallen,2023,429829812.0,204,F#,Major,52,52,68,46,0,15,4,Very High
Dance The Night (From Barbie The Album),Dua Lipa,2023,127408954.0,110,B,Minor,67,78,85,2,0,33,5,High
Rush,Troye Sivan,2023,22581161.0,126,F,Minor,74,35,84,0,0,11,6,
TULUM,"Peso Pluma, Grupo Frontera",2023,52294266.0,168,F#,Major,56,63,87,39,0,11,5,
Creepin',"The Weeknd, 21 Savage, Metro Boomin",2022,843957510.0,98,C#,Minor,71,17,61,36,0,8,5,Very High
Anti-Hero,Taylor Swift,2022,999748277.0,97,E,Major,64,51,63,12,0,19,5,Very High
TQG,"Karol G, Shakira",2023,618990393.0,180,E,Minor,72,61,63,67,0,9,28,Very High
Los del Espacio,"Big One, Duki, Lit Killah, Maria Becerra, FMK, Rusherking, Emilia, Tiago pzk",2023,123122413.0,120,,Major,81,63,68,11,0,11,4,High
Frï¿½ï¿½gil (feat. Grupo Front,"Yahritza Y Su Esencia, Grupo Frontera",2023,188933502.0,150,F#,Major,61,39,73,37,0,11,3,Very High
Blank Space,Taylor Swift,2014,1355959075.0,96,F,Major,75,57,68,9,0,13,6,Very High
Style,Taylor Swift,2014,786181836.0,95,D,Major,60,48,79,0,0,12,4,Very High
TQM,Fuerza Regida,2023,176553476.0,125,F,Minor,79,96,85,27,0,11,6,Very High
El Azul,"Junior H, Peso Pluma",2023,354495408.0,144,A,Minor,56,84,65,23,0,10,6,Very High
Sunflower - Spider-Man: Into the Spider-Verse,"Post Malone, Swae Lee",2018,2808096550.0,90,D,Major,76,91,50,54,0,7,5,Very High
I'm Good (Blue),"Bebe Rexha, David Guetta",2022,1109433169.0,128,G,Minor,56,38,97,4,0,35,4,Very High
See You Again,"Tyler, The Creator, Kali Uchis",2017,1047101291.0,79,F#,Major,56,58,56,37,0,11,10,Very High
Barbie World (with Aqua) [From Barbie The Album],"Nicki Minaj, Aqua, Ice Spice",2023,65156199.0,144,,Major,77,75,58,52,0,23,25,
Angels Like You,Miley Cyrus,2020,570515054.0,122,F,Major,67,49,64,10,0,10,3,Very High
I Ain't Worried,OneRepublic,2022,1085685420.0,140,,Major,71,82,81,11,0,6,5,Very High
Die For You,The Weeknd,2016,1647990401.0,134,C#,Minor,59,51,52,9,0,15,7,Very High
Starboy,"The Weeknd, Daft Punk",2016,2565529693.0,186,G,Major,68,49,59,16,0,13,28,Very High
Die For You - Remix,"Ariana Grande, The Weeknd",2023,518745108.0,67,C#,Minor,53,50,53,23,0,44,7,Very High
El Cielo,"Feid, Myke Towers, Sky Rompiendo",2023,107753850.0,106,A#,Minor,72,17,64,7,0,10,5,Medium
Baby Don't Hurt Me,"David Guetta, Anne-Marie, Coi Leray",2023,177740666.0,128,G,Major,60,23,91,0,0,12,3,Very High
AMARGURA,Karol G,2023,153372011.0,107,F#,Minor,92,55,70,18,0,15,7,Very High
(It Goes Like) Nanana - Edit,Peggy Gou,2023,57876440.0,130,G,Minor,67,96,88,12,19,8,4,
Another Love,Tom Odell,2012,1813673666.0,123,E,Minor,45,13,54,70,0,9,4,Very High
Blinding Lights,The Weeknd,2019,3703895074.0,171,C#,Major,50,38,80,0,0,9,7,Very High
Moonlight,Kali Uchis,2023,256483385.0,137,G,Minor,64,88,72,51,0,17,5,Very High
La Bachata,Manuel Turizo,2022,1214083358.0,125,G,Minor,84,85,68,58,0,22,4,Very High
S91,Karol G,2023,16011326.0,128,,Minor,86,42,72,59,0,9,19,
cardigan,Taylor Swift,2020,812019557.0,130,,Minor,61,53,58,55,0,27,4,Very High
Tï¿½ï¿,"dennis, MC Kevin o Chris",2023,111947664.0,130,B,Major,86,59,96,50,1,9,5,Medium
Boy's a liar Pt. 2,"PinkPantheress, Ice Spice",2023,156338624.0,133,F,Major,70,86,81,25,0,25,5,Very High
Left and Right (Feat. Jung Kook of BTS),"Charlie Puth, BTS, Jung Kook",2022,720434240.0,101,D,Major,88,72,59,62,0,9,3,Very High
BESO,"Rauw Alejandro, ROSALï¿½",2023,357925728.0,95,F,Minor,77,53,64,74,0,17,14,Very High
Hey Mor,"Ozuna, Feid",2022,674072710.0,98,C#,Minor,90,40,59,0,0,10,29,Very High
Yellow,Chris Molitor,1999,1755214421.0,173,B,Major,43,28,66,0,0,23,3,Very High
Karma,Taylor Swift,2022,404562836.0,90,G#,Major,64,10,62,7,0,48,7,Very High
People,Libianca,2022,373199958.0,198,A#,Minor,59,71,42,55,0,10,7,Very High
Overdrive,Post Malone,2023,14780425.0,140,C#,Major,56,48,73,0,0,35,4,
Enchanted (Taylor's Version),Taylor Swift,2023,39578178.0,82,G#,Major,51,22,53,1,0,15,3,
BABY HELLO,"Rauw Alejandro, Bizarrap",2023,54266102.0,130,C#,Minor,77,84,89,17,0,43,5,
Heat Waves,Glass Animals,2020,2557975762.0,81,B,Major,76,53,53,44,0,9,9,Very High
golden hour,JVKE,2022,751134527.0,94,C#,Minor,51,14,59,65,18,25,3,Very High
Sweater Weather,The Neighbourhood,2012,2282771485.0,124,A#,Major,61,41,81,5,2,10,3,Very High
"Quevedo: Bzrp Music Sessions, Vol. 52","Bizarrap, Quevedo",2022,1356565093.0,128,D,Major,62,55,78,1,3,23,4,Very High
Viva La Vida,Coldplay,2008,1592909789.0,138,F,Minor,49,42,62,9,0,11,3,Very High
Here With Me,d4vd,2022,635412045.0,132,E,Major,58,27,48,50,0,12,3,Very High
Unholy (feat. Kim Petras),"Sam Smith, Kim Petras",2022,1230675890.0,131,D,Major,71,24,47,1,0,27,9,Very High
Yandel 150,"Yandel, Feid",2022,585695368.0,168,F#,Minor,78,58,73,5,0,10,7,Very High
CORAZï¿½ï¿½N VA,Maria Becerra,2023,43857627.0,98,C#,Major,68,40,79,33,0,30,6,
Riptide,Vance Joy,1975,2009094673.0,102,C#,Major,48,50,73,43,0,15,4,Very High
Until I Found You (with Em Beihold) - Em Beihold Version,"Em Beihold, Stephen Sanchez",2022,600976848.0,101,A#,Major,34,32,57,78,0,20,3,Very High
Novidade na ï¿½ï¿,"Mc Livinho, DJ Matt D",2023,39709092.0,130,F,Major,63,36,34,76,0,35,9,
Back To December (Taylor's Version),Taylor Swift,2023,39228929.0,142,D,Major,50,20,64,1,0,12,3,
STAY (with Justin Bieber),"Justin Bieber, The Kid Laroi",2021,2665343922.0,170,C#,Major,59,48,76,4,0,10,5,Very High
El Merengue,"Marshmello, Manuel Turizo",2023,223633238.0,124,G#,Minor,78,70,68,3,1,11,4,Very High
Someone You Loved,Lewis Capaldi,2018,2887241814.0,110,C#,Major,50,45,41,75,0,11,3,Very High
Me Porto Bonito,"Chencho Corleone, Bad Bunny",2022,1440757818.0,92,C#,Minor,91,43,71,9,0,9,8,Very High
Makeba,Jain,2015,165484133.0,116,D,Major,82,40,66,39,51,25,7,Very High
MONTAGEM - FR PUNK,"Ayparia, unxbected",2012,58054811.0,129,A,Major,63,84,82,70,8,9,7,
Fast Car,Luke Combs,2023,157058870.0,98,G#,Major,71,67,60,19,0,12,3,Very High
What It Is (Solo Version),Doechii,2023,95131998.0,172,C#,Minor,74,76,76,6,0,10,9,Low
Coco Chanel,"Bad Bunny, Eladio Carrion",2023,250305248.0,150,D,Major,68,14,76,4,0,10,4,Very High
Donï¿½ï¿½ï¿½t Bl,Taylor Swift,2017,685032533.0,136,A,Minor,62,19,53,11,0,6,4,Very High
Still With You,Jung Kook,2020,38411956.0,88,C#,Minor,53,34,47,9,0,83,4,
All My Life (feat. J. Cole),"J. Cole, Lil Durk",2023,144565150.0,143,D#,Major,83,69,44,15,0,10,33,Very High
Say Yes To Heaven,Lana Del Rey,2023,127567540.0,100,F#,Minor,49,17,35,71,9,11,3,High
Snooze,SZA,2022,399686758.0,143,F,Major,56,39,55,14,0,11,13,Very High
Summertime Sadness,Lana Del Rey,2011,983637508.0,112,C#,Minor,56,24,66,7,0,12,3,Very High
Take Two,BTS,2023,118482347.0,93,G,Major,62,57,59,3,0,38,3,Medium
Lover,Taylor Swift,2012,882831184.0,206,G,Major,43,50,55,50,0,15,10,Very High
Too Many Nights (feat. Don Toliver & with Future),"Future, Metro Boomin, Don Toliver",2022,286400165.0,88,G,Minor,68,17,71,15,0,11,5,Very High
Chemical,Post Malone,2023,172825906.0,170,D,Major,50,37,90,0,0,12,5,Very High
Mockingbird,Eminem,2004,1241559043.0,84,E,Minor,62,24,67,21,0,13,28,Very High
New Jeans,NewJeans,2023,29562220.0,134,E,Minor,81,53,72,51,0,12,5,
Primera Cita,Carin Leon,2022,77309611.0,158,A#,Major,54,50,40,61,0,10,6,
Cold Heart - PNAU Remix,"Dua Lipa, Elton John, Pnau",2017,1605224506.0,116,C#,Major,80,92,80,4,0,10,3,Very High
Dandelions,Ruth B.,2017,1116995633.0,117,C#,Major,61,45,69,2,0,9,3,Very High
Bones,Imagine Dragons,2021,838079900.0,114,F,Minor,77,65,72,2,0,7,5,Very High
Set Fire to the Rain,Adele,2011,1163620694.0,108,D,Minor,61,47,68,0,0,13,3,Very High
Money Trees,"Kendrick Lamar, Jay Rock",2012,1093605526.0,144,E,Minor,74,37,53,7,0,21,10,Very High
Tak Segampang Itu,Anggi Marito,2022,179659294.0,130,F,Major,51,18,44,76,0,11,3,Very High
LAGUNAS,"Jasiel Nuï¿½ï¿½ez, Peso P",2023,39058561.0,116,B,Major,77,79,62,33,1,15,3,
Mine (Taylor's Version),Taylor Swift,2023,36912123.0,121,G,Major,65,49,78,0,0,17,4,
Everybody Wants To Rule The World,Tears For Fears,1985,1205951614.0,112,G,Major,64,54,81,36,0,11,6,Very High
No Role Modelz,J. Cole,2014,1791000570.0,100,A#,Minor,70,47,52,30,0,6,33,Very High
Tattoo,Loreen,2023,201660859.0,150,D#,Minor,55,30,78,24,0,12,8,Very High
Rara Vez,"Taiu, Milo j",2023,248088961.0,120,F,Minor,84,96,71,18,0,34,17,Very High
VAGABUNDO,"Sebastian Yatra, Manuel Turizo, Beï¿½ï",2023,90839753.0,127,B,Minor,82,89,85,4,0,23,6,Low
august,Taylor Swift,2020,607123776.0,90,F,Major,51,42,61,53,0,9,3,Very High
LUNA,"Junior H, Peso Pluma",2023,55842345.0,128,A,Minor,75,79,63,33,0,15,4,
Miracle (with Ellie Goulding),"Calvin Harris, Ellie Goulding",2023,211050784.0,143,A,Major,64,31,87,4,4,8,4,Very High
Nonsense,Sabrina Carpenter,2022,342897938.0,139,G#,Major,74,68,68,3,0,26,4,Very High
Que Vuelvas,"Carin Leon, Grupo Frontera",2022,2762.0,162,A#,Major,49,78,64,19,0,11,4,
Por las Noches,Peso Pluma,2021,330346424.0,92,,Major,81,39,60,31,0,7,3,Very High
Feliz Cumpleaï¿½ï¿½os Fe,Feid,2022,601863821.0,95,F,Major,87,57,55,10,0,29,7,Very High
Can't Hold Us (feat. Ray Dalton),"Ray Dalton, Ryan Lewis, Macklemore",2011,1953533826.0,146,D,Major,63,88,93,3,0,10,8,Very High
Watermelon Sugar,Harry Styles,2019,2322580122.0,95,,Major,55,56,82,12,0,34,5,Very High
lovely - Bonus Track,"Billie Eilish, Khalid",2017,2355719893.0,115,E,Minor,35,12,30,93,0,10,3,Very High
"Rauw Alejandro: Bzrp Music Sessions, Vol. 56","Rauw Alejandro, Bizarrap",2023,66902503.0,128,B,Major,78,59,65,10,0,26,5,
Queencard,(G)I-DLE,2023,96273746.0,130,E,Minor,82,69,83,3,0,27,5,Low
OMG,NewJeans,2023,430977451.0,127,A,Minor,80,74,77,36,0,11,4,Very High
Radio,Lana Del Rey,2011,284819874.0,150,D,Major,42,20,86,21,0,9,9,Very High
"Shakira: Bzrp Music Sessions, Vol. 53","Shakira, Bizarrap",2023,721975598.0,122,D,Minor,78,50,63,27,0,9,5,Very High
505,Arctic Monkeys,2007,1217120710.0,140,,Major,52,20,85,0,0,7,5,Very High
"Calling (Spider-Man: Across the Spider-Verse) (Metro Boomin & Swae Lee, NAV, feat. A Boogie Wit da Hoodie)","Swae Lee, A Boogie Wit da Hoodie, Metro Boomin, NAV",2023,109276132.0,140,,Major,63,22,54,46,0,12,8,Medium
Trance (with Travis Scott & Young Thug),"Travis Scott, Young Thug, Metro Boomin",2022,276259178.0,119,C#,Minor,75,48,53,18,0,18,34,Very High
"Tere Vaaste (From ""Zara Hatke Zara Bachke"")","Sachin-Jigar, Shadab Faridi, Altamash Faridi, Amitabh Bhattacharya, Varun Jain",2023,54225632.0,110,G,Minor,76,96,72,32,0,9,4,
Perfect,Ed Sheeran,2017,2559529074.0,95,G#,Major,60,17,45,16,0,11,2,Very High
Romantic Homicide,d4vd,2022,681583126.0,132,F#,Major,56,20,55,45,1,32,3,Very High
Believer,Imagine Dragons,2017,2594040133.0,125,A#,Minor,77,74,78,4,0,23,11,Very High
Novo Balanï¿½,"Veigh, Bvga Beatz, Supernova Ent, Prod Malax",2023,81102253.0,124,D#,Minor,84,65,50,67,0,13,6,Low
"Gol Bolinha, Gol Quadrado 2","Mc Pedrinho, DJ 900",2023,11956641.0,133,B,Minor,93,68,65,42,0,12,25,
Without Me,Eminem,2002,1687664027.0,112,G,Major,92,67,66,0,0,36,9,Very High
QUEMA,"Sog, Ryan Castro, Peso Pluma",2023,11599388.0,97,,Major,79,92,89,5,0,6,5,
Stargirl Interlude,"The Weeknd, Lana Del Rey",2016,611700552.0,90,F,Minor,59,52,48,38,5,10,11,Very High
Ojitos Lindos,"Bomba Estï¿½ï¿½reo, Bad B",2022,1133865788.0,80,D#,Minor,65,27,69,8,0,53,4,Very High
Somewhere Only We Know,Keane,2004,1089402494.0,172,A,Major,45,33,59,6,0,8,3,Very High
Those Eyes,New West,2019,411747614.0,120,E,Major,60,24,35,73,0,31,3,Very High
El Gordo Trae El Mando,Chino Pacas,2023,255932395.0,140,G,Minor,74,96,80,18,0,5,5,Very High
Mi Bello Angel,Natanael Cano,2023,31873544.0,128,A,Minor,81,90,77,1,0,9,5,
Bye,Peso Pluma,2023,95053634.0,122,,Major,78,70,81,57,0,10,5,Low
Danza Kuduro,"Don Omar, Lucenzo",2010,1279434863.0,130,,Major,47,86,92,8,0,5,24,Very High
Nosso Quadro,"Ana Castela, AgroPlay",2023,233801632.0,160,A,Major,69,61,71,33,0,31,20,Very High
Locked Out Of Heaven,Bruno Mars,2012,1481349984.0,144,F,Major,73,87,70,6,0,28,5,Very High
Un Finde | CROSSOVER #2,"Big One, FMK, Ke personajes",2023,142095275.0,192,B,Major,50,85,52,11,0,28,6,Very High
Jimmy Cooks (feat. 21 Savage),"Drake, 21 Savage",2022,618885532.0,163,,Major,54,40,67,0,0,9,17,Very High
Counting Stars,OneRepublic,2013,2011464183.0,122,C#,Minor,66,48,71,6,0,12,4,Very High
Ghost,Justin Bieber,2021,1167330737.0,154,D,Major,61,41,74,21,0,40,6,Very High
Under The Influence,Chris Brown,2019,929964809.0,117,A,Minor,73,31,69,6,0,11,4,Very High
PRC,"Natanael Cano, Peso Pluma",2023,436027885.0,138,G,Minor,78,89,83,10,0,12,5,Very High
Gasolina,Daddy Yankee,2004,657723613.0,96,,Major,86,74,80,33,0,8,6,Very High
One Dance,"Drake, WizKid, Kyla",2016,2713922350.0,104,C#,Major,77,36,63,1,0,36,5,Very High
Enchanted,Taylor Swift,2010,621660989.0,164,G#,Major,45,24,62,8,0,16,3,Very High
Save Your Tears,The Weeknd,2020,1591223784.0,118,,Major,68,61,82,2,0,50,3,Very High
Sure Thing,Miguel,2010,950906471.0,81,B,Minor,68,51,60,3,0,19,10,Very High
Every Breath You Take - Remastered 2003,The Police,1983,1593270737.0,117,C#,Major,82,73,45,54,0,7,3,Very High
The Night We Met,Lord Huron,2015,1410088830.0,174,D,Major,45,10,37,97,25,64,4,Very High
We Found Love,"Rihanna, Calvin Harris",2011,1235005533.0,128,C#,Major,73,60,77,3,0,11,4,Very High
When I Was Your Man,Bruno Mars,2012,1661187319.0,145,,Major,60,43,27,94,0,14,4,Very High
Let Me Down Slowly,Alec Benjamin,2018,1374581173.0,150,C#,Minor,65,51,55,73,0,14,3,Very High
"Am I Dreaming (Metro Boomin & A$AP Rocky, Roisee)","A$AP Rocky, Metro Boomin, Roisee",2023,94186466.0,90,A,Minor,60,13,53,4,0,21,4,Low
Do I Wanna Know?,Arctic Monkeys,2013,1788326445.0,85,F,Major,55,42,53,17,0,22,3,Very High
Demons,Imagine Dragons,2012,1840364617.0,180,D#,Major,33,38,71,20,0,28,5,Very High
ýýýýýýýýýýýý,YOASOBI,2023,143573775.0,166,C#,Major,57,84,94,11,0,37,9,Very High
Reminder,The Weeknd,2016,684675814.0,160,G#,Major,71,40,50,16,0,16,22,Very High
Shake It Off,Taylor Swift,2014,1113838873.0,160,G,Major,65,95,80,5,0,41,16,Very High
Why'd You Only Call Me When You're High?,Arctic Monkeys,2013,1267333350.0,92,D,Major,70,81,63,4,0,8,4,Very High
SNAP,Rosa Linn,2022,726307468.0,170,,Major,56,53,64,11,0,45,6,Very High
Shape of You,Ed Sheeran,2017,3562543890.0,96,C#,Minor,83,93,65,58,0,9,8,Very High
Night Changes,One Direction,2014,1131090940.0,120,G#,Major,67,40,52,86,0,12,4,Very High
Fin de Semana,"Oscar Maydon, Junior H",2023,307370144.0,98,,Major,70,37,54,6,0,9,8,Very High
Creep,Radiohead,1992,1271293243.0,92,G,Major,53,12,34,1,0,12,4,Very High
Car's Outside,James Arthur,2019,265882712.0,150,A,Major,34,24,56,4,0,11,3,Very High
Apocalypse,Cigarettes After Sex,2017,841749534.0,94,F,Major,37,17,47,2,46,11,3,Very High
Cheques,Shubh,2023,47956378.0,90,E,Minor,74,36,63,26,0,27,5,
Pink + White,Frank Ocean,2016,806397070.0,160,A,Major,54,54,55,67,0,42,11,Very High
Circles,Post Malone,2019,2132335812.0,120,,Major,70,59,75,24,0,9,4,Very High
Just The Way You Are,Bruno Mars,2010,1641426668.0,109,F,Major,63,46,85,1,0,9,5,Very High
Take Me To Church,Hozier,2013,2135158446.0,129,E,Minor,57,41,66,63,0,12,5,Very High
Bebe Dame,"Fuerza Regida, Grupo Frontera",2022,367316268.0,157,G,Major,54,75,60,30,0,7,5,Very High
You Belong With Me (Taylorï¿½ï¿½ï¿½s Ve,Taylor Swift,2021,350381515.0,130,F#,Major,63,49,73,5,0,9,3,Very High
Titi Me Preguntï¿,Bad Bunny,2022,1264310836.0,107,F,Minor,65,19,72,10,0,13,25,Very High
Better Than Revenge (Taylor's Version),Taylor Swift,2023,30343206.0,146,B,Minor,50,67,89,0,0,19,8,
Shut up My Moms Calling,Hotel Ugly,2020,405136812.0,139,A,Minor,48,37,41,32,0,10,10,Very High
Have You Ever Seen The Rain?,Creedence Clearwater Revival,1968,1145727611.0,116,,Major,74,76,70,7,0,13,3,Very High
Es un Secreto,Plan B,2010,540654286.0,95,F#,Minor,84,52,77,12,0,7,4,Very High
POLARIS - Remix,"Feid, Mora, Saiko, Quevedo",2023,57312735.0,170,G#,Minor,62,55,80,15,0,37,7,
Ditto,NewJeans,2022,397582059.0,134,F#,Minor,81,18,64,3,0,10,11,Very High
Take On Me,a-ha,1984,1479115056.0,84,F#,Minor,57,86,90,2,0,9,5,Very High
"Annihilate (Spider-Man: Across the Spider-Verse) (Metro Boomin & Swae Lee, Lil Wayne, Offset)","Swae Lee, Lil Wayne, Offset, Metro Boomin",2023,86773632.0,146,B,Minor,61,20,48,21,0,12,6,Low
"Angel Pt 1 (feat. Jimin of BTS, JVKE & Muni Long)","Kodak Black, NLE Choppa, Muni Long, JVKE, Jimin",2023,133753727.0,74,A#,Minor,53,24,67,11,0,10,28,High
Acrï¿½ï¿½s,Shakira,2023,123124076.0,144,B,Major,75,35,48,84,0,10,12,High
AMG,"Natanael Cano, Gabito Ballesteros, Peso Pluma",2022,463564958.0,136,B,Minor,77,79,73,15,0,27,10,Very High
"Phir Aur Kya Chahiye (From ""Zara Hatke Zara Bachke"")","Arijit Singh, Sachin-Jigar, Amitabha Bhattacharya",2023,64533040.0,100,E,Major,56,53,55,53,0,12,4,
S-Class,Stray Kids,2023,65496046.0,105,F,Minor,89,67,78,9,0,7,33,
Hits Different,Taylor Swift,2023,68616963.0,106,F,Major,67,24,78,15,0,30,4,
Chanel,"Becky G, Peso Pluma",2023,161460990.0,132,D,Major,85,53,68,40,0,9,4,Very High
Self Love (Spider-Man: Across the Spider-Verse) (Metro Boomin & Coi Leray),"Metro Boomin, Coi Leray",2023,70106975.0,120,A,Major,78,5,30,21,0,13,5,
Area Codes,"Kaliii, Kaliii",2023,113509496.0,155,C#,Major,82,51,39,2,0,9,49,Medium
Abcdario,"Junior H, Eden Muï¿½ï",2023,89933133.0,129,G#,Major,70,42,43,78,0,11,3,Low
Obsessed,"Abhijay Sharma, Riar Saab",2022,71007139.0,135,F,Minor,80,85,74,62,0,8,9,
Piï¿½ï¿½man Deï¿,"Semicenk, Doï¿½ï¿½u ",2023,43522589.0,98,A#,Minor,73,45,62,28,0,13,13,
FLOWER,JISOO,2023,232896922.0,124,A,Minor,84,64,39,3,0,11,4,Very High
"All The Way Live (Spider-Man: Across the Spider-Verse) (Metro Boomin & Future, Lil Uzi Vert)","Future, Lil Uzi Vert, Metro Boomin",2023,37126685.0,135,A,Minor,77,28,55,18,0,22,15,
Eyes Closed,Ed Sheeran,2023,195576623.0,107,D,Major,78,39,53,30,0,11,6,Very High
Escapism.,"RAYE, 070 Shake",2022,532336353.0,96,D,Major,54,25,74,14,0,9,11,Very High
La Jumpa,"Arcangel, Bad Bunny",2022,538115192.0,123,G#,Major,71,58,70,30,0,32,19,Very High
Karma (feat. Ice Spice),"Taylor Swift, Ice Spice",2023,46142772.0,90,G#,Major,62,7,62,6,0,58,6,
Superhero (Heroes & Villains) [with Future & Chris Brown],"Future, Chris Brown, Metro Boomin",2022,401036314.0,117,F,Minor,72,45,59,14,0,20,21,Very High
Las Morras,"BLESSD, Peso Pluma",2023,127026613.0,133,A,Minor,78,90,84,31,0,7,4,High
CHORRITO PA LAS ANIMAS,Feid,2022,345031710.0,96,G#,Minor,74,61,83,11,0,35,6,Very High
Ch y la Pizza,"Fuerza Regida, Natanael Cano",2022,288101651.0,149,G#,Major,66,85,60,40,0,14,13,Very High
Snow On The Beach (feat. More Lana Del Rey),"Lana Del Rey, Taylor Swift",2023,60350538.0,110,F#,Minor,66,32,40,81,0,11,3,
Players,Coi Leray,2022,335074782.0,105,F#,Major,95,62,52,3,0,5,16,Very High
Bite Me,ENHYPEN,2023,76767396.0,105,C#,Major,80,69,78,28,0,11,14,
Stand By Me (feat. Morgan Wallen),"Lil Durk, Morgan Wallen",2023,46065667.0,134,B,Major,76,61,58,6,0,16,3,
Normal,Feid,2022,459276435.0,170,E,Minor,71,59,56,4,0,27,12,Very High
Hummingbird (Metro Boomin & James Blake),"James Blake, Metro Boomin",2023,39666245.0,81,F#,Major,59,26,60,46,1,25,13,
Seu Brilho Sumiu - Ao Vivo,"Israel & Rodolffo, Mari Fernandez",2023,138517666.0,154,F#,Major,63,75,92,31,0,91,5,High
Bad Habit,Steve Lacy,2022,822633917.0,169,C#,Major,69,69,51,63,0,38,4,Very High
CUFF IT,Beyoncï¿,2022,595900742.0,115,G,Major,78,64,69,4,0,7,14,Very High
Lilith (feat. SUGA of BTS) (Diablo IV Anthem),"Halsey, Suga",2023,51985779.0,84,A,Minor,43,14,74,1,0,19,8,
69,"Nicky Jam, Feid",2023,57945987.0,93,G#,Major,79,58,62,11,0,11,23,
Niï¿½ï¿½a Bo,"Sean Paul, Feid",2023,115010040.0,91,G,Major,82,47,62,10,0,10,15,Medium
Search & Rescue,Drake,2023,175097833.0,142,A#,Minor,82,54,44,6,0,33,7,Very High
AMERICA HAS A PROBLEM (feat. Kendrick Lamar),"Kendrick Lamar, Beyoncï¿",2023,57089066.0,126,C#,Major,78,20,70,1,0,16,4,
Lavender Haze,Taylor Swift,2022,488386797.0,97,A#,Major,73,10,44,26,0,16,8,Very High
"Link Up (Metro Boomin & Don Toliver, Wizkid feat. BEAM & Toian) - Spider-Verse Remix (Spider-Man: Across the Spider-Verse )","WizKid, Toian, Metro Boomin, Don Toliver, Beam",2023,32761689.0,101,F,Major,92,59,51,41,51,26,8,
Efecto,Bad Bunny,2022,1047480053.0,98,G,Minor,80,23,48,14,0,6,5,Very High
Erro Gostoso - Ao Vivo,Simone Mendes,2023,153454328.0,154,F#,Major,59,63,89,18,0,80,9,Very High
Cupido,Tini,2023,217672943.0,120,A,Major,91,63,58,52,0,31,22,Very High
Just Wanna Rock,Lil Uzi Vert,2022,457184829.0,150,B,Major,49,4,55,7,0,6,3,Very High
Unstoppable,Sia,2016,939844851.0,174,A,Major,47,27,78,11,0,10,8,Very High
Until I Found You,Stephen Sanchez,2021,726434358.0,202,A#,Major,34,25,51,69,0,18,4,Very High
Rich Flex,"Drake, 21 Savage",2022,573633020.0,153,B,Minor,56,42,52,5,0,36,24,Very High
Easy On Me,Adele,2021,1406111294.0,142,F,Major,60,13,37,58,0,13,3,Very High
Cartï¿½ï¿½o B,"MC Caverinha, KayBlack",2023,71573339.0,108,A,Minor,84,55,47,26,0,20,64,
Danger (Spider) (Offset & JID),"Offset, JID",2023,24975653.0,143,B,Major,83,25,69,4,0,23,12,
Oi Balde - Ao Vivo,Zï¿½ï¿½ Neto & Crist,2023,145458418.0,108,D,Major,67,55,67,60,0,80,5,Very High
The Real Slim Shady,Eminem,2000,1424589568.0,104,F,Minor,95,78,66,3,0,4,6,Very High
MERCHO,"Migrantes, LiL CaKe, Nico Valdi",2022,231332117.0,93,F#,Minor,84,96,79,43,0,18,11,Very High
The Color Violet,Tory Lanez,2021,415932686.0,105,F#,Minor,65,46,53,16,0,9,5,Very High
Glimpse of Us,Joji,2022,988515741.0,170,G#,Major,44,27,32,89,0,14,5,Very High
Mejor Que Yo,"Mambo Kingz, DJ Luian, Anuel Aa",2023,50847624.0,178,C#,Minor,62,56,66,18,0,12,5,
Curtains,Ed Sheeran,2023,39893489.0,176,F#,Minor,50,44,76,10,0,32,5,
UNFORGIVEN (feat. Nile Rodgers),"Nile Rodgers, LE SSERAFIM",2023,92035115.0,104,E,Minor,80,38,88,11,0,11,5,Low
Haegeum,Agust D,2023,118810253.0,85,G,Major,70,83,84,31,0,47,30,Medium
Conexï¿½ï¿½es de Mï¿½ï¿½fia (feat. Rich ,"Rich The Kid, Matuï¿",2023,77233241.0,117,F#,Minor,77,69,58,39,0,26,5,
MIENTRAS ME CURO DEL CORA,Karol G,2023,206399629.0,80,,Major,52,57,48,86,0,15,39,Very High
Never Felt So Alone,Labrinth,2023,117747907.0,98,F,Major,44,36,41,50,0,38,5,Medium
X SI VOLVEMOS,"Karol G, Romeo Santos",2023,266624541.0,178,C#,Minor,79,58,78,34,0,11,25,Very High
ceilings,Lizzy McAlpine,2022,293186992.0,148,A,Major,51,27,33,48,0,22,3,Very High
Cupid,Fifty Fifty,2023,139681964.0,120,D,Major,77,94,66,65,0,38,3,High
I AM,IVE,2023,123132751.0,122,E,Minor,68,38,88,1,0,8,5,High
Cupid ï¿½ï¿½ï¿½ Twin Ver. (FIFTY FIFTY) ï¿½ï¿½ï¿½ Spe,sped up 8282,1997,103762518.0,144,F,Major,74,75,73,42,0,9,4,Medium
Shorty Party,"Cartel De Santa, La Kelly",2023,162887075.0,96,D,Major,93,47,47,33,0,10,36,Very High
Super,SEVENTEEN,2023,91221625.0,137,G#,Major,77,35,88,16,0,17,9,Low
Slut Me Out,NLE Choppa,2022,190490915.0,121,F#,Minor,94,71,61,12,0,53,42,Very High
Double Fantasy (with Future),"The Weeknd, Future",2023,96180277.0,119,A,Minor,60,10,57,1,0,50,3,Low
All Of The Girls You Loved Before,Taylor Swift,2019,185240616.0,96,D,Major,72,40,47,71,0,13,4,Very High
PROVENZA,Karol G,2022,885093467.0,111,C#,Major,87,53,52,66,1,11,5,Very High
Princess Diana (with Nicki Minaj),"Nicki Minaj, Ice Spice",2023,104992946.0,148,A,Major,90,74,68,14,0,10,19,Medium
Di Que Si,"Grupo Marca Registrada, Grupo Frontera",2023,147290338.0,182,A,Major,57,80,59,8,0,6,5,Very High
Shivers,Ed Sheeran,2021,1302184087.0,141,D,Major,79,82,86,28,0,4,9,Very High
Igualito a Mi Apï¿,"Fuerza Regida, Peso Pluma",2022,158950978.0,145,E,Minor,76,80,81,19,0,6,9,Very High
Shoong! (feat. LISA of BLACKPINK),"TAEYANG, Lisa",2023,76910644.0,110,B,Minor,76,26,70,1,0,41,6,
Komang,Raim Laode,2022,137123880.0,134,G,Major,70,35,41,41,0,10,3,High
DESPECHï¿,ROSALï¿½,2022,782369383.0,130,G,Major,92,78,62,18,0,6,10,Very High
Made You Look,Meghan Trainor,2022,502574952.0,145,A#,Major,84,88,53,35,0,8,7,Very High
Watch This - ARIZONATEARS Pluggnb Remix,"sped up nightcore, ARIZONATEARS, Lil Uzi Vert",2023,207033255.0,130,B,Minor,69,36,90,1,10,15,4,Very High
No Se Va,Grupo Frontera,2022,404887295.0,173,,Major,59,69,53,12,0,23,3,Very High
Punto G,Quevedo,2022,381161027.0,92,B,Minor,75,55,76,25,0,10,15,Very High
Lovers Rock,TV Girl,2014,466231982.0,105,F,Minor,56,57,87,0,1,10,4,Very High
METAMORPHOSIS,INTERWORLD,2021,357580552.0,175,G,Minor,59,15,64,43,90,12,10,Very High
Mami Chula,"Quevedo, Jhayco",2023,61105704.0,120,G,Minor,80,33,70,22,0,9,4,
En Paris,"El Chachito, Junior H",2022,198275403.0,139,D#,Minor,70,77,48,37,0,12,5,Very High
Set Me Free Pt.2,Jimin,2023,168448603.0,132,,Minor,59,56,82,12,0,12,6,Very High
I Was Never There,"The Weeknd, Gesaffelstein",2018,705469769.0,114,A#,Major,32,17,74,14,0,17,3,Very High
Don't ever say love me (feat. RM of BTS),"RM, Colde",2023,34502215.0,145,B,Minor,54,19,48,36,0,37,5,
Shut Down,BLACKPINK,2022,482175240.0,110,,Major,82,67,69,0,0,18,4,Very High
Gato de Noche,"Nengo Flow, Bad Bunny",2022,304118600.0,94,G#,Major,89,61,66,17,0,36,16,Very High
Call Out My Name,The Weeknd,2018,1449799467.0,134,C#,Major,45,17,60,21,0,33,4,Very High
Like Crazy (English Version),Jimin,2023,173627354.0,120,G,Major,62,32,76,0,0,39,4,Very High
Rosa Pastel,"Jasiel Nuï¿½ï¿½ez, Peso P",2023,90025258.0,123,G,Minor,70,86,68,24,0,11,4,Low
Sunroof,"Nicky Youre, Dazy",2021,652704649.0,131,A#,Major,77,84,71,35,0,15,4,Very High
Lose Yourself - Soundtrack Version,Eminem,2002,1829992958.0,171,D,Major,70,6,73,1,0,36,26,Very High
Superman,"Eminem, Dina Rae",2002,655466831.0,130,E,Minor,80,64,76,2,0,20,6,Very High
Mas Rica Que Ayer,"Mambo Kingz, DJ Luian, Anuel Aa",2023,146409671.0,94,B,Major,82,53,67,34,0,9,8,Very High
People Pt.2 (feat. IU),"IU, Agust D",2023,95816024.0,89,G,Minor,73,44,57,39,0,32,6,Low
REMIX EXCLUSIVO,Feid,2023,117206995.0,87,F,Minor,65,71,56,4,0,15,20,Medium
"Arcï¿½ï¿½ngel: Bzrp Music Sessions, Vol","Arcangel, Bizarrap",2023,100409613.0,124,B,Minor,72,79,78,55,0,15,30,Medium
DOGTOOTH,"Tyler, The Creator",2023,80758350.0,78,G#,Major,71,80,65,51,0,22,32,Low
10:35,"Tiï¿½ï¿½sto, Tate M",2022,325592432.0,120,G#,Major,70,70,79,7,0,18,10,Very High
SORRY NOT SORRY,"Tyler, The Creator",2023,58473276.0,96,F#,Minor,48,50,80,40,0,37,20,
HAPPY,NF,2023,52722996.0,106,G,Major,73,22,86,31,0,12,4,
La Bebe,Yng Lvcas,2021,191945597.0,170,D,Minor,78,75,46,62,0,12,35,Very High
I Know - PR1SVX Edit,"Kanii, PR1ISVX",2023,77377503.0,134,B,Minor,67,11,76,8,47,30,7,
Late Night Talking,Harry Styles,2022,743693613.0,115,A#,Major,71,90,73,30,0,11,5,Very High
Leï¿½,Marï¿½ï¿½lia Mendo,2022,267789608.0,130,F#,Major,74,79,87,45,0,30,3,Very High
Save Your Tears (with Ariana Grande) (Remix),"Ariana Grande, The Weeknd",2020,1221813483.0,118,,Major,65,63,79,3,0,10,3,Very High
Something in the Orange,Zach Bryan,2022,449701773.0,110,G,Major,59,22,38,42,0,12,3,Very High
VOID,Melanie Martinez,2023,67070410.0,100,A,Major,72,42,66,18,4,19,4,
Dijeron Que No La Iba Lograr,"Fuerza Regida, Chino Pacas",2023,116334601.0,142,G,Minor,70,76,79,26,0,11,7,Medium
Midnight Rain,Taylor Swift,2022,433356509.0,140,,Major,64,18,37,72,0,12,7,Very High
If We Ever Broke Up,Mae Stephens,2023,165584767.0,116,G,Major,90,96,73,62,0,9,4,Very High
You Proof,Morgan Wallen,2022,367814306.0,120,A,Major,73,64,85,25,0,61,3,Very High
LA INOCENTE,"Feid, Mora",2022,477033549.0,92,F,Minor,76,46,79,31,0,7,6,Very High
Malas Decisiones,Kenia OS,2022,156214700.0,110,G#,Minor,81,64,79,5,0,31,3,Very High
Murder In My Mind,Kordhell,2022,448843705.0,120,A#,Major,71,57,97,1,0,13,11,Very High
Gangsta's Paradise,"Coolio, L.V.",1995,1357608774.0,80,G#,Major,63,40,61,9,0,56,6,Very High
CAIRO,"Karol G, Ovy On The Drums",2022,294352144.0,115,F,Minor,95,43,69,47,0,9,31,Very High
I Love You So,The Walters,2014,972164968.0,76,A#,Major,58,46,67,65,0,13,4,Very High
Dark Red,Steve Lacy,2017,920045682.0,172,F#,Major,60,77,78,45,0,12,6,Very High
Say You Won't Let Go,James Arthur,2016,2420461338.0,99,A#,Major,40,45,56,69,0,9,5,Very High
The Hills,The Weeknd,2015,1947371785.0,136,,Minor,36,12,57,9,0,14,8,Very High
Heart To Heart,Mac DeMarco,2019,244658767.0,150,G#,Minor,90,64,14,67,35,11,10,Very High
Peaches (from The Super Mario Bros. Movie),Jack Black,2023,68216992.0,92,A#,Minor,71,41,31,79,0,10,5,
Marisola - Remix,"Duki, NICKI NICOLE, Cris Mj, Standly, Stars Music Chile",2022,223582566.0,95,C#,Major,77,72,87,17,0,7,5,Very High
LOKERA,"Brray, Rauw Alejandro, Lyanno",2022,471819764.0,102,B,Minor,83,58,83,21,0,10,5,Very High
Low,SZA,2022,272377463.0,145,,Minor,70,34,55,43,0,16,6,Very High
Numb,Linkin Park,2003,1361425037.0,110,A,Major,50,24,86,0,0,64,4,Very High
Tormenta (feat. Bad Bunny),"Gorillaz, Bad Bunny",2023,149778242.0,95,,Major,64,30,77,46,0,38,6,Very High
on the street (with J. Cole),"j-hope, J. Cole",2023,116599790.0,94,B,Minor,68,81,82,53,0,9,13,Medium
One Thing At A Time,Morgan Wallen,2022,148469433.0,142,G,Major,61,92,91,0,0,26,3,Very High
Miss You,"Robin Schulz, Oliver Tree",2022,497225336.0,145,F#,Minor,59,20,74,1,0,15,5,Very High
Ainï¿½ï¿½ï¿½t Tha,Morgan Wallen,2023,88791109.0,121,F#,Minor,64,67,80,0,0,36,3,Low
Thinkinï¿½ï¿½ï¿½ B,Morgan Wallen,2023,125917280.0,140,D#,Minor,66,43,76,49,0,12,3,High
Private Landing (feat. Justin Bieber & Future),"Don Toliver, Future, Justin Bieber",2023,105062254.0,137,C#,Minor,84,44,67,8,0,11,6,Medium
Everything I Love,Morgan Wallen,2023,95623148.0,104,G#,Major,56,72,85,0,0,15,3,Low
Heaven,Niall Horan,2023,144584800.0,92,F,Major,57,68,76,7,0,33,3,Very High
LET GO,Central Cee,2022,298063749.0,146,D,Minor,74,51,45,86,0,21,38,Very High
Sial,Mahalini,2023,166570053.0,120,D,Major,56,20,43,89,0,12,4,Very High
I Wrote The Book,Morgan Wallen,2023,83021468.0,144,D,Major,68,83,81,9,0,8,4,Low
"Apna Bana Le (From ""Bhediya"")","Arijit Singh, Sachin-Jigar",2022,139836056.0,94,A,Major,59,44,56,80,0,6,3,High
SPIT IN MY FACE!,ThxSoMch,2022,303216294.0,94,G#,Major,73,65,79,5,2,11,6,Very High
PLAYA DEL INGLï¿½,"Myke Towers, Quevedo",2022,221409663.0,113,G,Minor,79,66,74,8,0,11,5,Very High
Man Made A Bar (feat. Eric Church),"Morgan Wallen, Eric Church",2023,58890931.0,148,E,Major,50,49,76,12,0,12,3,
Red Ruby Da Sleeze,Nicki Minaj,2023,81419389.0,98,C#,Major,70,29,73,12,0,11,26,Low
Kahani Suno 2.0,Kaifi Khalil,2022,156777415.0,140,B,Major,58,26,38,91,0,10,4,Very High
Nobody Gets Me,SZA,2022,284908316.0,100,G,Major,36,28,28,81,0,18,3,Very High
PERO Tï¿,"Karol G, Quevedo",2023,93438910.0,140,F#,Major,86,68,79,39,0,11,29,Low
Hype Boy,NewJeans,2022,363472647.0,100,E,Minor,59,78,94,27,0,29,23,Very High
Bloody Mary,Lady Gaga,2011,372476382.0,100,A,Minor,59,49,65,2,0,13,3,Very High
Monotonï¿½,"Ozuna, Shakira",2022,380726517.0,132,,Minor,87,82,70,42,0,21,5,Very High
ýýý98 Braves,Morgan Wallen,2023,56533272.0,142,D,Major,49,48,67,10,0,26,3,
WANDA,Quevedo,2023,175399345.0,176,E,Minor,72,96,63,25,0,21,7,Very High
Thought You Should Know,Morgan Wallen,2022,203221468.0,140,F#,Major,53,51,70,49,0,14,3,Very High
In The End,Linkin Park,2000,1624165576.0,105,D#,Minor,55,40,90,1,0,32,6,Very High
Zona De Perigo,Leo Santana,2022,134294498.0,135,F,Major,81,97,77,75,0,35,3,High
Lovezinho,Treyce,2022,70069745.0,128,E,Minor,82,61,59,30,0,12,4,
I Like You (A Happier Song) (with Doja Cat),"Post Malone, Doja Cat",2022,609293408.0,101,F,Major,74,43,69,12,0,12,7,Very High
Neverita,Bad Bunny,2022,671365962.0,122,A#,Major,88,43,50,7,0,14,5,Very High
Vista Al Mar,Quevedo,2022,362361576.0,105,,Minor,76,49,56,80,12,10,13,Very High
Sem Alianï¿½ï¿½a no ,"MC Xenon, Os Gemeos da Putaria",2022,93587665.0,83,C#,Major,53,40,36,73,0,11,33,Low
Enemy (with JID) - from the series Arcane League of Legends,"Imagine Dragons, League of Legends, JID, Arcane",2021,1223481149.0,77,B,Minor,72,59,76,24,0,42,28,Very High
Revenge,XXXTENTACION,2017,1022258230.0,140,B,Minor,75,18,25,78,0,11,26,Very High
Bombonzinho - Ao Vivo,"Israel & Rodolffo, Ana Castela",2022,263453310.0,158,C#,Major,65,72,95,31,0,92,5,Very High
LA CANCIï¿½,"J Balvin, Bad Bunny",2019,1435127549.0,176,G,Major,75,43,65,15,0,11,32,Very High
Quï¿½ï¿½ Ago,"Yuridia, Angela Aguilar",2022,236857112.0,98,B,Major,73,88,57,56,0,5,2,Very High
Love Again,The Kid Laroi,2023,147538971.0,107,B,Minor,66,47,40,72,0,11,3,Very High
After Hours,The Weeknd,2020,698086140.0,109,F,Minor,66,16,57,10,1,12,3,Very High
About Damn Time,Lizzo,2022,723894473.0,109,A#,Minor,84,72,74,10,0,34,7,Very High
Born With A Beer In My Hand,Morgan Wallen,2023,34450974.0,148,,Major,53,61,81,5,0,36,4,
ýýýýýýýýýýýýýýýýýýýýý,Fujii Kaze,2020,403097450.0,158,F#,Minor,60,52,76,17,0,19,5,Very High
Besos Moja2,"Wisin & Yandel, ROSALï¿½",2022,309483971.0,94,F,Minor,74,64,73,6,0,10,6,Very High
Maan Meri Jaan,King,2022,319566866.0,96,F#,Minor,70,40,51,35,0,10,4,Very High
Moscow Mule,Bad Bunny,2022,909001996.0,100,F,Minor,80,29,67,29,0,12,3,Very High
My Universe,"Coldplay, BTS",2021,1061966512.0,105,A,Major,58,42,68,1,0,14,4,Very High
Devil Donï¿½ï¿½ï¿½,Morgan Wallen,2023,32526947.0,125,,Major,53,32,66,38,0,9,3,
LLYLM,ROSALï¿½,2023,124988687.0,170,F#,Minor,56,56,63,13,0,19,27,High
I'm Not Here To Make Friends,"Sam Smith, Calvin Harris, Jessie Reyez",2023,103787664.0,115,,Major,70,84,90,17,0,41,6,Medium
TRUSTFALL,P!nk,2023,134255790.0,122,G#,Major,64,25,89,0,0,15,9,High
ANTIFRAGILE,LE SSERAFIM,2022,301051721.0,105,A#,Minor,88,82,80,8,0,11,8,Very High
Boy's a liar,PinkPantheress,2022,156338624.0,133,F,Major,66,74,84,25,0,21,4,Very High
VIBE (feat. Jimin of BTS),"TAEYANG, Jimin",2023,152850295.0,100,,Major,79,60,68,7,0,26,4,Very High
Shirt,SZA,2022,309653982.0,120,D#,Minor,82,55,45,15,3,9,10,Very High
Lift Me Up - From Black Panther: Wakanda Forever - Music From and Inspired By,Rihanna,2022,297328960.0,177,A,Major,25,17,30,90,0,13,3,Very High
STAR WALKIN' (League of Legends Worlds Anthem),Lil Nas X,2022,332506354.0,142,D,Minor,64,31,72,15,0,9,5,Very High
"Sex, Drugs, Etc.",Beach Weather,2016,480507035.0,144,E,Minor,57,47,84,1,1,52,4,Very High
Boy With Luv (feat. Halsey),"Halsey, BTS",2019,1065580332.0,120,B,Minor,65,80,86,9,0,19,10,Very High
"Hey, Mickey!",Baby Tate,2016,122763672.0,135,D,Major,92,73,51,55,0,15,6,High
Calm Down,Rï¿½ï,2022,445763624.0,107,B,Major,81,82,78,38,0,12,4,Very High
Jhoome Jo Pathaan,"Arijit Singh, Vishal Dadlani, Sukriti Kakar, Vishal-Shekhar, Shekhar Ravjiani, Kumaar",2022,1365184.0,105,G,Major,82,62,74,10,0,33,7,
Escapism. - Sped Up,"RAYE, 070 Shake",2022,184308753.0,108,F#,Minor,44,38,77,9,0,9,20,Very High
Space Song,Beach House,2015,789753877.0,147,,Minor,51,62,79,22,13,14,3,Very High
Dreamers [Music from the FIFA World Cup Qatar 2022 Official Soundtrack],"BTS, Jung Kook, FIFA Sound",2022,323358833.0,115,,Major,71,34,88,16,0,44,4,Very High
Te Felicito,"Shakira, Rauw Alejandro",2022,606361689.0,174,F,Major,70,57,64,23,0,8,32,Very High
Muï¿½ï¿½,"Steve Aoki, Tini, La Joaqui",2023,120972253.0,90,A#,Minor,68,83,71,3,0,31,8,High
TV,Billie Eilish,2022,338564981.0,141,E,Minor,41,9,25,84,1,14,4,Very High
I'm Not The Only One,Sam Smith,2014,1606986953.0,82,F,Major,68,50,49,56,0,8,4,Very High
Heather,Conan Gray,2020,1301799902.0,92,F,Major,47,25,43,62,0,32,3,Very High
"Besharam Rang (From ""Pathaan"")","Vishal-Shekhar, Shilpa Rao, Caralisa Monteiro, Kumaar, Vishal Dadlani, Shekhar Ravjiani",2022,140187018.0,116,G#,Minor,77,65,80,6,0,15,4,Very High
One Kiss (with Dua Lipa),"Calvin Harris, Dua Lipa",2017,1897517891.0,124,A,Minor,79,59,86,4,0,8,11,Very High
Sugar Rush Ride,TOMORROW X TOGETHER,2023,107642809.0,125,A#,Minor,71,83,89,1,0,17,9,Medium
Pink Venom,BLACKPINK,2022,551305895.0,90,,Major,80,71,69,2,0,27,10,Very High
WAIT FOR U (feat. Drake & Tems),"Drake, Future, Tems",2022,556585270.0,83,C#,Major,46,34,64,31,0,7,34,Very High
Don't Start Now,Dua Lipa,2019,2303033973.0,124,B,Minor,79,68,79,1,0,10,8,Very High
After Dark,Mr.Kitty,2014,646886885.0,140,G#,Major,58,4,60,7,41,8,3,Very High
Eu Gosto Assim - Ao Vivo,"Gustavo Mioto, Mari Fernandez",2022,222612678.0,154,,Major,64,61,91,15,0,72,4,Very High
INDUSTRY BABY (feat. Jack Harlow),"Jack Harlow, Lil Nas X",2021,1814349763.0,150,D#,Minor,74,89,70,2,0,5,6,Very High
MIDDLE OF THE NIGHT,Elley Duhï¿,2020,872137015.0,186,E,Minor,41,9,61,2,0,12,5,Very High
Atlantis,Seafret,2015,571386359.0,166,G#,Minor,40,23,48,5,0,12,3,Very High
PUNTO 40,"Baby Rasta, Rauw Alejandro",2022,304079786.0,107,,Major,87,20,83,0,4,31,9,Very High
Evoque Prata,"DJ Escobar, MC MENOR SG, MC MENOR HR",2022,174006928.0,87,G,Major,87,52,52,31,0,28,24,Very High
How Do I Say Goodbye,Dean Lewis,2022,284785823.0,82,G#,Major,40,39,64,21,0,7,7,Very High
Blind,SZA,2022,163284000.0,114,A,Minor,46,60,28,91,0,21,4,Very High
Die For You,Joji,2022,246390068.0,148,G#,Major,47,15,52,38,13,29,5,Very High
Doja,Central Cee,2022,482257456.0,140,F#,Major,91,97,57,38,0,40,29,Very High
Gatita,Bellakath,2022,168684524.0,101,G,Major,90,76,81,15,24,33,6,Very High
Rumble,"Skrillex, Flowdan, Fred again..",2022,78489819.0,140,C#,Minor,81,6,84,5,23,6,6,
Niagara Falls (Foot or 2) [with Travis Scott & 21 Savage],"Travis Scott, 21 Savage, Metro Boomin",2022,195516622.0,88,G,Minor,49,24,66,19,0,18,29,Very High
Yonaguni,Bad Bunny,2021,1260594497.0,180,C#,Major,64,44,65,28,0,14,12,Very High
Super Freaky Girl,Nicki Minaj,2022,428685680.0,133,D,Major,95,91,89,6,0,31,24,Very High
Running Up That Hill (A Deal With God),Kate Bush,1985,1024858327.0,108,A#,Minor,63,20,55,72,0,6,6,Very High
Dream On,Aerosmith,1973,838586769.0,80,F,Minor,39,24,43,39,0,23,3,Very High
Limbo,Freddie Dredd,2022,199386237.0,75,B,Minor,80,46,62,3,6,11,46,Very High
Where Are You Now,"Lost Frequencies, Calum Scott",2021,972509632.0,121,F#,Minor,67,26,64,52,0,17,10,Very High
WORTH NOTHING,"Twisted, Oliver Tree",2022,213438580.0,140,D,Minor,58,17,62,18,0,20,8,Very High
Bad Habits,Ed Sheeran,2020,1555511105.0,126,B,Minor,81,59,90,5,0,36,3,Very High
KICK BACK,Kenshi Yonezu,2022,210038833.0,102,C#,Major,58,29,94,0,0,9,11,Very High
Evergreen (You Didnï¿½ï¿½ï¿½t Deserve Me A,Omar Apollo,2022,227918678.0,82,A,Major,70,31,34,60,1,11,4,Very High
Good Days,SZA,2020,826623384.0,121,C#,Minor,46,53,78,23,0,72,6,Very High
Levitating (feat. DaBaby),"Dua Lipa, DaBaby",2020,1802514301.0,103,F#,Minor,70,92,83,1,0,7,6,Very High
Woman,Doja Cat,2021,1329090101.0,108,F,Minor,82,88,76,9,0,12,9,Very High
Shut up My Moms Calling - (Sped Up),Hotel Ugly,2022,181831132.0,85,F,Minor,65,36,47,31,0,12,10,Very High
Ferrari,"James Hype, Miggy Dela Rosa",2022,462791599.0,125,C#,Minor,84,70,69,1,0,5,5,Very High
"You're On Your Own, Kid",Taylor Swift,2022,348647203.0,120,D,Major,69,40,39,41,0,13,6,Very High
"Kesariya (From ""Brahmastra"")","Pritam, Arijit Singh, Amitabh Bhattacharya",2022,366599607.0,94,,Major,58,44,57,57,0,10,3,Very High
Agudo Mï¿½ï¿½gi,"Styrx, utku INC, Thezth",1930,90598517.0,130,F#,Minor,65,49,80,22,4,7,5,Low
Payphone,"Maroon 5, Wiz Khalifa",2012,1479264469.0,110,E,Major,74,51,74,2,0,29,4,Very High
All I Want for Christmas Is You,Mariah Carey,1994,1449779435.0,150,G,Major,34,33,63,16,0,7,4,Very High
Last Christmas,Wham!,1984,1159176109.0,107,B,Minor,74,88,65,28,0,46,3,Very High
Rockin' Around The Christmas Tree,Brenda Lee,1958,769213520.0,140,G#,Major,70,85,41,71,0,45,5,Very High
Jingle Bell Rock,Bobby Helms,1957,741301563.0,119,D,Major,74,78,37,84,0,6,3,Very High
It's Beginning To Look A Lot Like Christmas,Michael Bublï¿,2011,807561936.0,93,E,Major,35,38,23,91,0,29,3,Very High
Santa Tell Me,Ariana Grande,2013,834129063.0,133,G,Major,46,53,63,5,0,30,18,Very High
It's the Most Wonderful Time of the Year,Andy Williams,1963,663832097.0,202,G,Major,24,76,60,77,0,12,4,Very High
Let It Snow! Let It Snow! Let It Snow!,Dean Martin,1959,446390129.0,134,C#,Major,45,72,24,91,0,18,4,Very High
Snowman,Sia,2017,690104769.0,105,C#,Major,72,33,51,48,0,9,3,Very High
Underneath the Tree,Kelly Clarkson,2013,485285717.0,160,G#,Major,51,69,81,0,0,21,5,Very High
Feliz Navidad,Josï¿½ï¿½ Felic,1970,520034544.0,148,D,Major,50,96,82,47,0,34,4,Very High
Holly Jolly Christmas,Michael Bublï¿,2011,476244795.0,151,G,Major,65,70,47,87,0,9,4,Very High
Mistletoe,Justin Bieber,2011,629173063.0,162,F#,Minor,67,88,54,51,0,9,4,Very High
Sleigh Ride,The Ronettes,1963,404664135.0,92,D,Major,53,84,77,40,0,32,3,Very High
Seek & Destroy,SZA,2022,98709329.0,152,C#,Major,65,35,65,44,18,21,7,Low
Love Language,SZA,2022,110849052.0,65,A,Minor,71,55,26,85,0,13,8,Medium
Happy Xmas (War Is Over),"John Lennon, The Harlem Community Choir, The Plastic Ono Band, Yoko Ono",1971,460492795.0,147,D,Major,33,39,61,32,0,77,3,Very High
Used (feat. Don Toliver),"SZA, Don Toliver",2022,94005786.0,150,A#,Minor,73,71,69,53,0,32,9,Low
A Holly Jolly Christmas - Single Version,Burl Ives,1952,395591396.0,140,,Major,67,81,36,64,0,15,3,Very High
The Christmas Song (Merry Christmas To You) - Remastered 1999,Nat King Cole,1946,389771964.0,139,C#,Major,36,22,15,84,0,11,4,Very High
Wonderful Christmastime - Edited Version / Remastered 2011,Paul McCartney,1979,403939487.0,95,B,Major,75,74,58,36,0,9,3,Very High
Do They Know It's Christmas? - 1984 Version,Band Aid,1984,481697415.0,115,,Major,60,23,57,0,2,27,3,Very High
Ghost in the Machine (feat. Phoebe Bridgers),"SZA, Phoebe Bridgers",2022,110073250.0,125,F#,Major,62,59,43,84,3,11,5,Medium
Special,SZA,2022,88092256.0,76,,Major,60,19,20,78,0,11,5,Low
Merry Christmas Everyone,Shakin' Stevens,1984,351636786.0,101,C#,Minor,72,91,87,14,0,13,3,Very High
Let It Snow! Let It Snow! Let It Snow!,"Frank Sinatra, B. Swanson Quartet",1950,473248298.0,143,D,Major,60,86,32,88,0,34,6,Very High
SOS,SZA,2022,73981293.0,119,G,Minor,51,51,66,67,0,9,23,
Open Arms (feat. Travis Scott),"SZA, Travis Scott",2022,155653938.0,78,A,Major,67,22,59,76,1,15,16,Very High
White Christmas,"Bing Crosby, John Scott Trotter & His Orchestra, Ken Darby Singers",1942,395591396.0,96,A,Major,23,19,25,91,0,40,3,Very High
Driving Home for Christmas - 2019 Remaster,Chris Rea,1986,429504768.0,180,A,Major,51,87,58,36,0,18,4,Very High
Christmas (Baby Please Come Home),Darlene Love,1963,242767149.0,126,D#,Major,34,35,76,39,0,8,5,Very High
Gone Girl,SZA,2022,65362788.0,150,F,Major,43,42,44,57,0,15,6,
F2F,SZA,2022,67540165.0,90,D,Major,53,47,74,9,0,34,4,
Notice Me,SZA,2022,62019074.0,160,F,Major,72,78,68,28,0,11,12,
Merry Christmas,"Ed Sheeran, Elton John",2017,135723538.0,114,,Major,59,60,94,24,0,10,4,High
It's Beginning to Look a Lot Like Christmas (with Mitchell Ayres & His Orchestra),"Perry Como, The Fontane Sisters, Mitchell Ayres & His Orchestra",1958,295998468.0,113,G,Major,73,72,32,77,0,15,5,Very High
My Only Wish (This Year),Britney Spears,2000,261116938.0,147,,Major,67,69,72,17,0,19,3,Very High
Antidepresan,"Mabel Matiz, Mert Demir",2022,136689549.0,100,B,Minor,70,92,59,3,0,10,3,High
Wild Flower (with youjeen),RM,2022,135611421.0,155,G#,Major,49,42,77,3,0,12,9,High
I Hate U,SZA,2021,356709897.0,107,G,Minor,54,41,39,51,0,11,16,Very High
Raindrops (Insane) [with Travis Scott],"Travis Scott, Metro Boomin",2022,110649992.0,112,G#,Major,80,15,54,9,0,38,5,Medium
SPIT IN MY FACE!,ThxSoMch,2022,301869854.0,166,C#,Major,70,57,57,9,20,11,7,Very High
Deck The Hall - Remastered 1999,Nat King Cole,1959,127027715.0,107,F#,Minor,69,96,36,81,0,8,4,High
Smoking on my Ex Pack,SZA,2022,57144458.0,81,G#,Major,47,33,68,24,0,22,38,
Conceited,SZA,2022,56870689.0,150,C#,Major,79,77,46,5,0,11,7,
Snow On The Beach (feat. Lana Del Rey),"Taylor Swift, Lana Del Rey",2022,323437194.0,110,A,Major,66,19,32,69,0,12,4,Very High
Maroon,Taylor Swift,2022,317726339.0,108,G,Major,64,4,40,6,0,10,6,Very High
Tubarï¿½ï¿½o Te,"Dj LK da Escï¿½ï¿½cia, Tchakabum, mc jhenny, M",2022,116144341.0,130,E,Minor,89,48,74,30,0,7,36,Medium
Bejeweled,Taylor Swift,2022,328207708.0,164,G,Major,70,39,56,6,0,9,7,Very High
Tarot,"Bad Bunny, Jhay Cortez",2022,608228647.0,114,B,Minor,80,42,68,2,0,66,4,Very High
You Make It Feel Like Christmas (feat. Blake Shelton),"Gwen Stefani, Blake Shelton",2005,180577478.0,93,F,Major,63,93,88,1,0,12,4,Very High
Desesperados,"Chencho Corleone, Rauw Alejandro",2021,809306935.0,90,C#,Minor,87,51,69,36,0,9,8,Very High
Too Late,SZA,2022,49262961.0,128,B,Major,45,35,68,78,0,39,8,
Party,"Bad Bunny, Rauw Alejandro",2022,614555082.0,97,A,Major,83,47,80,2,0,24,9,Very High
Run Rudolph Run - Single Version,Chuck Berry,1958,245350949.0,152,G,Minor,69,94,71,79,0,7,8,Very High
Jingle Bells - Remastered 1999,Frank Sinatra,1957,178660459.0,175,G#,Major,51,94,34,73,0,10,5,Very High
Far,SZA,2022,51641685.0,116,D,Major,61,48,55,67,0,16,8,
On Time (with John Legend),"John Legend, Metro Boomin",2022,78139948.0,80,F,Minor,33,51,59,76,0,44,6,
GATï¿½ï¿½,"Maldy, Karol G",2022,322336177.0,93,B,Minor,63,34,86,26,0,21,39,Very High
ýýýabcdefu,Gayle,2021,1007612429.0,122,E,Major,70,42,54,30,0,37,5,Very High
Sacrifice,The Weeknd,2022,326792833.0,122,G,Major,70,91,79,3,0,7,10,Very High
Is There Someone Else?,The Weeknd,2022,391251368.0,135,A,Minor,70,60,58,4,0,16,3,Very High
Fingers Crossed,"Lauren Spencer Smith, Lauren Spencer Smith, Lauren Spencer Smith",2022,349585590.0,109,F,Major,60,45,47,62,0,31,5,Very High
Out of Time,The Weeknd,2022,339659802.0,93,,Minor,65,82,74,27,0,32,5,Very High
Do It To It,"Cherish, ACRAZE",2021,674772936.0,125,B,Minor,85,64,81,2,5,7,9,Very High
We Don't Talk About Bruno,"Adassa, Mauro Castillo, Stephanie Beatriz, Encanto - Cast, Rhenzy Feliz, Diane Guerrero, Carolina Gaitan",2021,432719968.0,206,,Minor,58,83,45,36,0,11,8,Very High
Pepas,Farruko,2021,1309887447.0,130,G,Major,76,44,77,1,0,13,3,Very High
How Do I Make You Love Me?,The Weeknd,2022,119238316.0,121,G,Minor,80,62,51,2,0,9,8,Medium
Gasoline,The Weeknd,2022,116903579.0,123,F#,Minor,74,35,73,0,0,21,5,Medium
Infinity,Jaymes Young,2017,888046992.0,122,B,Minor,67,50,67,15,0,30,4,Very High
Less Than Zero,The Weeknd,2022,200660871.0,143,,Major,53,50,79,0,0,8,3,Very High
Take My Breath,The Weeknd,2021,130655803.0,121,A#,Minor,70,35,77,1,0,26,4,High
good 4 u,Olivia Rodrigo,2021,1887039593.0,166,F#,Minor,56,68,66,28,0,11,18,Very High
"Here We Goï¿½ï¿½ï¿½ Again (feat. Tyler, the Cr","The Weeknd, Tyler, The Creator",2022,88103848.0,135,C#,Major,41,27,64,36,0,60,3,Low
Best Friends,The Weeknd,2022,101114984.0,87,E,Minor,49,49,59,44,0,35,21,Medium
Kiss Me More (feat. SZA),"SZA, Doja Cat",2021,1575467011.0,111,G#,Major,77,74,66,30,0,13,3,Very High
I Heard You're Married (feat. Lil Wayne),"The Weeknd, Lil Wayne",2022,91656026.0,110,D,Major,75,85,84,10,0,31,19,Low
Need To Know,Doja Cat,2021,1042568408.0,130,C#,Major,66,19,61,30,0,9,7,Very High
MONTERO (Call Me By Your Name),Lil Nas X,2020,1735441776.0,179,G#,Minor,61,76,51,30,0,38,15,Very High
love nwantiti (ah ah ah),Ckay,2019,726837877.0,93,F,Minor,74,53,73,61,0,13,4,Very High
Dawn FM,The Weeknd,2022,53933526.0,78,A,Minor,27,10,49,62,0,49,5,
Surface Pressure,Jessica Darrow,2021,267758538.0,180,D,Major,65,37,58,2,0,4,31,Very High
Starry Eyes,The Weeknd,2022,74601456.0,86,A,Minor,28,13,41,50,0,19,3,
THATS WHAT I WANT,Lil Nas X,2021,920797189.0,88,C#,Minor,74,55,85,1,0,5,22,Very High
One Right Now (with The Weeknd),"The Weeknd, Post Malone",2021,539595276.0,97,C#,Major,68,72,78,4,0,7,5,Very High
Beggin,Mï¿½ï¿½ne,2017,1367810478.0,134,B,Minor,71,59,80,13,0,36,5,Very High
Mon Amour - Remix,"Aitana, zzoilo",2020,578207856.0,116,D,Major,75,36,76,12,0,10,10,Very High
Lo Siento BB:/ (with Bad Bunny & Julieta Venegas),"Julieta Venegas, Bad Bunny, Tainy",2021,775542072.0,170,E,Minor,64,14,70,9,0,9,8,Very High
MONEY,Lisa,2021,863625566.0,140,C#,Minor,83,40,55,16,0,14,23,Very High
The Motto,"Tiï¿½ï¿½sto, Ava",2021,656013912.0,118,G,Minor,75,46,76,3,0,9,4,Very High
Happier Than Ever,Billie Eilish,2021,1056760045.0,65,,Major,31,31,24,76,0,14,4,Very High
Moth To A Flame (with The Weeknd),"The Weeknd, Swedish House Mafia",2021,611994237.0,120,,Minor,56,16,67,0,0,11,4,Very High
traitor,"Juan Cruz Toledo, Huilen Toledo",2021,1230855859.0,176,D#,Major,29,12,33,68,0,12,5,Very High
Toxic,BoyWithUke,2021,582981380.0,180,G#,Minor,59,69,61,84,0,46,36,Very High
drivers license,Olivia Rodrigo,2021,1858144199.0,144,A#,Major,59,21,43,76,0,10,7,Very High
Malvadï¿½ï¿,"Xamï¿½ï¿½, Gustah, Neo B",2021,240684449.0,133,F#,Minor,82,52,61,38,0,14,27,Very High
All Too Well (10 Minute Version) (Taylor's Version) (From The Vault),Taylor Swift,2021,583687007.0,93,,Major,63,21,52,28,0,9,3,Very High
Donï¿½ï¿½ï¿½t Break My,The Weeknd,2022,63803529.0,122,A#,Major,77,25,62,34,0,23,3,
Oh My God,Adele,2021,466214729.0,88,C#,Major,53,55,73,9,0,3,5,Very High
Entre Nosotros (Remix) [con Nicki Nicole],"Lit Killah, Maria Becerra, Tiago pzk, NICKI NICOLE",2022,236940480.0,170,F,Minor,70,61,44,40,0,37,4,Very High
A Tale By Quincy,The Weeknd,2022,41924466.0,94,F,Minor,46,55,50,71,0,10,11,
I AM WOMAN,Emmy Meli,2021,225259194.0,170,A#,Major,65,46,47,12,0,13,16,Very High
Medallo,"Justin Quiles, Lenny Tavï¿½ï¿½rez, BL",2021,393230256.0,90,E,Minor,79,79,70,57,0,66,8,Very High
It'll Be Okay,Shawn Mendes,2021,287201015.0,78,G,Major,40,7,29,62,0,9,3,Very High
Softcore,The Neighbourhood,2018,599770206.0,94,D,Major,57,36,58,5,0,15,3,Very High
Super Gremlin,Kodak Black,2021,342779426.0,73,D,Major,83,11,41,0,0,36,14,Very High
Volvï¿,"Aventura, Bad Bunny",2021,673801126.0,176,C#,Major,73,79,86,42,0,7,18,Very High
Todo De Ti,Rauw Alejandro,2020,1168642797.0,128,D#,Minor,81,57,63,40,1,10,4,Very High
Love Nwantiti - Remix,"Ckay, AX'EL, Dj Yo!",2019,540539717.0,120,G#,Major,58,44,60,44,9,5,6,Very High
Smokin Out The Window,"Bruno Mars, Anderson .Paak, Silk Sonic",2021,383550148.0,82,D,Major,63,85,62,6,0,35,4,Very High
Meet Me At Our Spot,"THE ANXIETY, Willow, Tyler Cole",2020,530511203.0,95,D,Major,77,40,47,2,0,9,3,Very High
Every Angel is Terrifying,The Weeknd,2022,37307967.0,118,,Major,44,52,94,11,0,4,29,
Tacones Rojos,Sebastian Yatra,2021,510876816.0,123,B,Minor,75,93,86,8,0,14,3,Very High
Peaches (feat. Daniel Caesar & Giveon),"Justin Bieber, Daniel Caesar, Giveon",2021,1445941661.0,90,,Major,63,49,68,38,0,42,18,Very High
Dakiti,"Bad Bunny, Jhay Cortez",2020,1763363713.0,110,E,Minor,73,14,57,40,0,11,5,Very High
"Tiago PZK: Bzrp Music Sessions, Vol. 48","Bizarrap, Tiago pzk",2021,374191487.0,96,C#,Minor,66,76,82,47,0,10,32,Very High
Lï¿½ï¿½ï¿,Stromae,2022,108809090.0,88,D,Minor,56,58,55,35,0,23,11,Medium
Nostï¿½ï¿½l,"Chris Brown, Rvssian, Rauw Alejandro",2021,436695353.0,98,A,Minor,73,60,85,17,0,24,5,Very High
Better Days (NEIKED x Mae Muller x Polo G),"NEIKED, Mae Muller, Polo G",2021,421040617.0,110,,Minor,72,67,68,0,0,14,4,Very High
Life Goes On,Oliver Tree,2020,501541661.0,80,,Major,70,57,49,19,0,12,8,Very High
Sad Girlz Luv Money Remix (feat. Kali Uchis),"Kali Uchis, Amaarae, Moliy",2021,354065229.0,110,C#,Minor,86,31,53,43,0,11,6,Very High
Butter,BTS,2021,1143647827.0,110,G#,Major,79,70,36,0,0,6,11,Very High
pushin P (feat. Young Thug),"Young Thug, Future, Gunna",2022,311395144.0,78,C#,Minor,77,49,42,1,1,13,19,Very High
You Right,"Doja Cat, The Weeknd",2021,672656250.0,129,G#,Major,83,44,62,2,0,8,6,Very High
deja vu,Olivia Rodrigo,2021,1256880657.0,181,A,Major,44,22,60,61,0,42,9,Very High
Dynamite,BTS,2020,1692897992.0,114,F#,Minor,75,74,77,1,0,9,10,Very High
TO THE MOON,Jnr Choi,2021,245095641.0,144,D,Major,74,39,65,5,1,11,35,Very High
Lost in the Fire,"The Weeknd, Gesaffelstein",2019,686734357.0,101,D,Major,66,18,68,9,0,12,4,Very High
Salimo de Noche,"Trueno, Tiago pzk",2021,261414174.0,84,D,Major,67,78,63,29,0,12,5,Very High
Volando - Remix,"Sech, Bad Bunny, Mora",2021,610045621.0,154,F#,Major,66,63,69,21,0,11,7,Very High
Leave The Door Open,"Bruno Mars, Anderson .Paak, Silk Sonic",2021,1115880852.0,148,F,Major,59,72,62,18,0,9,3,Very High
Knife Talk (with 21 Savage ft. Project Pat),"Drake, Project Pat, 21 Savage",2021,594482982.0,146,F,Minor,85,22,37,13,0,7,30,Very High
Don't Be Shy,"Tiï¿½ï¿½sto, Kar",2021,566954746.0,120,B,Minor,77,51,79,20,0,26,6,Very High
Love Grows (Where My Rosemary Goes),Edison Lighthouse,1970,,110,A,Major,53,75,69,7,0,17,3,
LA FAMA (with The Weeknd),"The Weeknd, ROSALï¿½",2021,374706940.0,136,,Minor,77,82,30,95,0,13,5,Very High
The Family Madrigal,"Olga Merediz, Stephanie Beatriz, Encanto - Cast",2021,184937148.0,141,C#,Major,59,56,63,12,0,6,36,Very High
Phantom Regret by Jim,The Weeknd,2022,31959571.0,108,A,Minor,46,23,48,75,30,14,4,
Dos Oruguitas,Sebastian Yatra,2021,167076418.0,94,,Major,42,47,36,76,0,9,5,Very High
Freaks,Surf Curse,2015,824420218.0,180,A,Major,35,41,94,0,63,5,5,Very High
Acapulco,Jason Derulo,2021,363467642.0,122,A#,Major,77,51,79,5,0,16,5,Very High
Daddy Issues,The Neighbourhood,2015,1127468248.0,85,A#,Major,59,33,52,7,15,12,3,Very High
thought i was playing,"21 Savage, Gunna",2022,60680939.0,148,C#,Major,68,29,73,0,0,7,7,
ELEVEN,IVE,2021,247737946.0,120,A,Major,83,59,73,6,0,5,11,Very High
Mood (feat. Iann Dior),"24kgoldn, Iann Dior",2020,1699402402.0,91,G,Minor,70,76,72,22,0,27,4,Very High
What Else Can I Do?,"Stephanie Beatriz, Diane Guerrero",2021,154797871.0,120,E,Major,72,54,71,26,0,10,4,Very High
DANCE CRIP,Trueno,2021,198883004.0,106,,Major,86,86,79,11,0,8,9,Very High
Miserable Man,David Kushner,2022,124407432.0,110,A#,Major,63,31,35,93,0,29,3,High
happier,Olivia Rodrigo,2021,850608354.0,169,F#,Major,39,36,45,81,0,8,13,Very High
Praise God,Kanye West,2021,376333030.0,118,C#,Major,80,21,55,1,0,26,17,Very High
Get Into It (Yuh),Doja Cat,2021,516784627.0,92,G#,Minor,91,79,66,32,0,9,16,Very High
Before You Go,Lewis Capaldi,2019,1608045237.0,112,D#,Major,45,19,60,63,0,9,6,Very High
Sky,Playboi Carti,2020,506778838.0,140,D,Major,79,56,91,26,0,13,21,Very High
Rolling in the Deep,Adele,2010,1472799873.0,105,G#,Major,73,52,76,13,0,5,3,Very High
Sobrio,Maluma,2021,513643924.0,178,F,Major,76,63,77,14,0,15,22,Very High
Peru,"Ed Sheeran, Fireboy DML",2021,261286503.0,108,G,Minor,96,71,42,57,0,8,9,Very High
favorite crime,Olivia Rodrigo,2021,783706581.0,173,A,Major,40,19,29,86,0,34,4,Very High
Thunder,"Prezioso, Gabry Ponte, LUM!X",2021,422691058.0,101,C#,Major,67,40,90,3,0,34,6,Very High
The Business,Tiï¿½ï¿,2020,1062345656.0,120,G#,Minor,80,24,62,41,2,11,23,Very High
positions,Ariana Grande,2020,1252563873.0,144,,Major,73,66,80,44,0,9,12,Very High
I WANNA BE YOUR SLAVE,Mï¿½ï¿½ne,2021,851070493.0,133,C#,Major,75,96,61,0,0,18,4,Very High
Vai Lï¿½ï¿½ Em Casa ,"Marï¿½ï¿½lia Mendonï¿½ï¿½a, George Henrique &",2021,263894529.0,158,G#,Minor,46,62,83,53,0,97,28,Very High
The Feels,TWICE,2021,345903614.0,120,A,Major,81,92,90,9,0,8,7,Very High
HEARTBREAK ANNIVERSARY,Giveon,2020,951637566.0,129,,Major,61,59,46,56,0,13,5,Very High
No Lie,"Sean Paul, Dua Lipa",2016,956865266.0,102,G,Major,74,45,89,5,0,26,13,Very High
OUT OUT (feat. Charli XCX & Saweetie),"Charli XCX, Jax Jones, Joel Corry, Saweetie",2021,427486004.0,124,G#,Minor,79,79,84,2,0,5,5,Very High
Pope Is a Rockstar,SALES,2016,156658366.0,90,E,Minor,73,31,45,85,24,11,3,Very High
2055,Sleepy hallow,2021,624515457.0,161,F#,Minor,78,65,52,46,0,12,31,Very High
Bored,Billie Eilish,2017,777765388.0,120,G,Major,60,11,33,90,0,8,5,Very High
Happier Than Ever - Edit,Billie Eilish,2021,412795151.0,81,,Major,45,12,57,7,0,23,3,Very High
Astronaut In The Ocean,Masked Wolf,2019,1138474110.0,150,E,Minor,78,47,70,18,0,15,9,Very High
Ley Seca,"Anuel Aa, Jhay Cortez",2021,355219175.0,105,G#,Major,76,58,84,10,0,13,10,Very High
Every Summertime,NIKI,2021,290228626.0,79,F#,Major,63,76,67,38,0,6,4,Very High
Talking To The Moon,Bruno Mars,2010,1062956628.0,146,C#,Minor,52,7,61,51,0,11,3,Very High
you broke me first,Tate McRae,2020,1180094974.0,124,E,Major,64,8,37,79,0,9,5,Very High
The Nights,Avicii,2014,1456081449.0,126,F#,Major,53,66,85,2,0,24,4,Very High
Take My Breath,The Weeknd,2021,432702334.0,121,G#,Major,75,53,74,2,0,11,5,Very High
Way 2 Sexy (with Future & Young Thug),"Drake, Future, Young Thug",2021,489945871.0,136,B,Minor,80,33,60,0,0,32,14,Very High
Cï¿½ï¿½,Rauw Alejandro,2021,465959382.0,102,A,Minor,77,26,63,58,0,11,5,Very High
Enemy - from the series Arcane League of Legends,"Imagine Dragons, League of Legends, Arcane",2021,1223481149.0,77,G,Major,73,54,74,23,0,41,23,Very High
Dance Monkey,Tones and I,2019,2864791672.0,98,F#,Minor,82,54,59,69,0,18,10,Very High
Lucid Dreams,Juice WRLD,2017,2288695111.0,84,B,Minor,44,22,48,38,0,33,24,Very High
Quï¿½ï¿½ Mï¿½ï¿,"J Balvin, Maria Becerra",2021,720825549.0,102,G#,Major,89,77,82,3,0,17,11,Very High
All of Me,John Legend,2013,2086124197.0,120,G#,Major,42,33,26,92,0,13,3,Very High
Smells Like Teen Spirit - Remastered 2021,Nirvana,1991,1690192927.0,117,C#,Major,52,73,91,0,0,11,7,Very High
Arcade,Duncan Laurence,2019,991336132.0,72,A,Minor,45,27,33,82,0,14,4,Very High
Fair Trade (with Travis Scott),"Drake, Travis Scott",2021,593917618.0,168,C#,Major,67,29,47,5,0,22,26,Very High
Bar,"Tini, L-Gante",2021,200972675.0,94,C#,Major,52,68,69,13,0,33,8,Very High
The Rumbling (TV Size),SiM,2022,71014967.0,145,G#,Major,41,65,88,0,0,26,5,
family ties (with Kendrick Lamar),"Kendrick Lamar, Baby Keem",2021,560222750.0,134,C#,Major,71,14,61,1,0,23,33,Very High
Mr. Brightside,The Killers,2003,1806617704.0,148,C#,Major,35,24,93,0,0,10,8,Very High
Blessed-Cursed,ENHYPEN,2022,77337771.0,127,E,Minor,60,40,89,9,0,60,6,
AM Remix,"J Balvin, Nio Garcia, Bad Bunny",2021,528544703.0,172,F#,Minor,74,79,66,11,0,8,16,Very High
Streets,Doja Cat,2019,865640097.0,90,B,Major,75,19,46,21,4,34,8,Very High
Shallow,"Lady Gaga, Bradley Cooper",2018,2159346687.0,96,G,Major,57,30,40,38,0,26,3,Very High
Polaroid Love,ENHYPEN,2022,211372494.0,138,G,Minor,74,65,67,46,0,36,4,Very High
Leave Before You Love Me (with Jonas Brothers),"Marshmello, Jonas Brothers",2021,651732901.0,120,G,Major,72,67,72,0,0,13,4,Very High
Permission to Dance,BTS,2021,608334048.0,125,A,Major,70,65,74,1,0,34,4,Very High
Friday (feat. Mufasa & Hypeman) - Dopamine Re-Edit,"Riton, Nightcrawlers, Mufasa & Hypeman, Dopamine",2021,863756573.0,123,D,Major,82,80,86,1,0,30,13,Very High
RAPSTAR,Polo G,2021,797402345.0,81,F#,Major,79,44,54,41,0,13,24,Very High
'Till I Collapse,"Eminem, Nate Dogg",2002,1695712020.0,171,C#,Major,55,10,85,7,0,8,20,Very High
Memories,Maroon 5,2019,1759567999.0,91,B,Major,77,60,32,84,0,8,5,Very High
Se Le Ve,"Arcangel, De La Ghetto, Justin Quiles, Lenny Tavï¿½ï¿½rez, Sech, Dalex, Dimelo Flow, Rich Music",2021,223319934.0,84,G,Minor,56,61,76,10,0,14,11,Very High
25k jacket (feat. Lil Baby),"Gunna, Lil Baby",2022,54937991.0,115,F,Minor,90,74,54,16,0,13,28,
When Iï¿½ï¿½ï¿½m Gone (with Katy ,"Katy Perry, Alesso",2021,226897599.0,125,,Major,69,70,89,4,0,49,3,Very High
Esqueï¿½ï¿½a-Me Se For C,"Marï¿½ï¿½lia Mendonï¿½ï¿½a, Maiara &",2021,258316038.0,122,F#,Minor,80,62,69,28,0,13,7,Very High
Miï¿½ï¿½n,"Tini, Maria Becerra",2021,596152090.0,92,D,Major,85,92,54,16,0,29,7,Very High
Sï¿½ï¿½,"Anuel Aa, Myke Towers, Jhay Cortez",2021,177129919.0,90,F#,Minor,63,75,75,17,0,11,8,Very High
MAMIII,"Karol G, Becky G",2022,716591492.0,94,E,Minor,84,90,70,9,0,14,8,Very High
Still D.R.E.,"Dr. Dre, Snoop Dogg",1999,1210599487.0,93,B,Major,81,53,78,18,0,6,24,Very High
Stay Alive (Prod. SUGA of BTS),Jung Kook,2022,246376690.0,130,D,Minor,51,50,76,30,0,10,7,Very High
Boyfriend,Dove Cameron,2022,496311364.0,180,G,Minor,35,23,61,23,0,19,6,Very High
The Joker And The Queen (feat. Taylor Swift),"Ed Sheeran, Taylor Swift",2022,146789379.0,134,,Major,53,31,31,92,0,28,3,Very High
The Next Episode,"Dr. Dre, Snoop Dogg",1999,843309044.0,95,D#,Minor,92,31,89,3,0,8,25,Very High
Light Switch,Charlie Puth,2022,500340342.0,184,F#,Major,69,91,63,11,0,9,31,Very High
City of Gods,"Kanye West, Alicia Keys, Fivio Foreign",2022,107255472.0,147,G#,Minor,47,50,80,10,0,32,38,Medium
Brividi,"Mahmood, Blanco",2022,135079152.0,123,G,Major,52,44,60,40,0,26,3,High
Lost,Frank Ocean,2012,822239726.0,123,A#,Minor,91,49,61,3,0,17,22,Very High
In Da Club,50 Cent,2002,1202722675.0,90,F#,Minor,90,79,71,26,0,7,37,Very High
she's all i wanna be,Tate McRae,2022,343197054.0,160,D,Minor,61,65,64,1,0,12,4,Very High
Ginseng Strip 2002,Yung Lean,2013,240769997.0,115,C#,Major,60,37,71,8,0,48,4,Very High
All For Us - from the HBO Original Series Euphoria,"Labrinth, Zendaya",2019,426204830.0,141,D#,Major,37,17,67,2,0,34,9,Very High
Notion,The Rare Occasions,2016,421135627.0,160,A,Major,31,30,88,7,0,8,8,Very High
Formula,Labrinth,2019,554875730.0,145,B,Major,57,23,66,4,6,15,4,Very High
Mount Everest,Labrinth,2019,467727006.0,89,,Minor,46,43,43,23,8,8,22,Very High
Excuses,"Intense, AP Dhillon, Gurinder Gill",2020,327498031.0,95,F,Minor,84,49,72,8,0,15,8,Very High
Cigarettes,Juice WRLD,2021,185408548.0,160,D,Major,60,47,62,3,0,38,4,Very High
"Cayï¿½ï¿½ La Noche (feat. Cruz Cafunï¿½ï¿½, Abhir Hathi, Bejo, EL IMA)","Quevedo, La Pantera, Juseph, Cruz Cafunï¿½ï¿½, Bï¿½ï¿½jo, Abhir Hathi",2022,245400167.0,174,F,Minor,67,74,75,44,0,7,30,Very High
California Love - Original Version (Explicit),"Dr. Dre, 2Pac, Roger",1995,579395142.0,92,G,Major,77,76,84,3,0,38,4,Very High
Forgot About Dre,"Eminem, Dr. Dre",1999,675039469.0,134,G#,Major,93,61,74,9,0,17,8,Very High
Down Under (feat. Colin Hay),"Luude, Colin Hay",2021,252871192.0,172,B,Minor,31,4,86,1,0,28,17,Very High
Mujeriego,Ryan Castro,2021,231996128.0,80,A,Major,76,92,62,6,0,8,13,Very High
HUMBLE.,Kendrick Lamar,2017,1929770265.0,150,C#,Minor,91,42,60,0,0,9,12,Very High
Stan,"Eminem, Dido",1999,918915401.0,80,F#,Minor,78,53,74,4,0,45,21,Very High
Contection,"GODZZ__-, Zakaria",2020,1180896317.0,166,A#,Minor,81,83,75,14,0,29,34,Very High
Swim,Chase Atlantic,2017,498960285.0,120,G#,Major,67,8,54,27,0,8,4,Very High
A Tu Merced,Bad Bunny,2020,685071800.0,92,,Major,86,89,79,17,0,11,6,Very High
Numb Little Bug,Em Beihold,2022,258714692.0,85,G#,Minor,74,61,52,30,0,26,9,Very High
212,"Mainstreet, Chefin",2022,143139338.0,154,D,Minor,79,86,52,66,0,9,7,Very High
Problemï¿½,"Alvaro Diaz, Rauw Alejandro",2021,209768491.0,92,D,Minor,73,37,74,28,0,14,6,Very High
Bussin,"Nicki Minaj, Lil Baby",2022,64714573.0,140,B,Major,89,75,70,6,0,13,5,
Worst Day,Future,2022,50746620.0,89,C#,Major,65,60,60,11,0,10,40,
Malvada,Zï¿½ï¿½ Fe,2022,154119539.0,135,F,Minor,89,89,86,16,0,8,5,Very High
Hrs and Hrs,Muni Long,2021,181328253.0,140,G#,Minor,51,66,53,60,0,11,18,Very High
Alien Blues,Vundabar,2015,370068639.0,82,D#,Major,47,44,76,8,91,9,3,Very High
Thinking Out Loud,Ed Sheeran,2014,2280566092.0,79,D,Major,78,58,45,47,0,18,3,Very High
Still Don't Know My Name,Labrinth,2019,563902868.0,88,F,Major,31,31,63,47,27,21,12,Very High
Christmas Tree,V,2021,317622165.0,139,F,Major,44,18,38,70,0,12,4,Very High
Mal Feito - Ao Vivo,"Marï¿½ï¿½lia Mendonï¿½ï¿½a, Hugo & G",2022,291709698.0,124,,Minor,73,68,83,55,0,90,7,Very High
When I R.I.P.,Labrinth,2019,203680270.0,80,G#,Minor,39,45,55,73,0,9,21,Very High
Do We Have A Problem?,"Nicki Minaj, Lil Baby",2022,81350745.0,120,C#,Minor,84,54,51,47,0,12,40,Low
Forever,Labrinth,2019,282883169.0,80,E,Minor,56,19,46,92,72,11,3,Very High
Gospel (with Eminem),"Eminem, Dr. Dre",2022,64787943.0,117,C#,Major,92,62,86,11,0,24,24,
Seï¿½ï¿½o,"Shawn Mendes, Camila Cabello",2019,2484812918.0,117,A,Minor,76,77,52,4,0,8,3,Very High
NEW MAGIC WAND,"Tyler, The Creator",2019,461437791.0,140,F,Minor,62,46,73,10,0,67,11,Very High
Adore You,Harry Styles,2019,1439191367.0,99,G#,Major,68,57,77,2,0,10,5,Very High
La Santa,"Daddy Yankee, Bad Bunny",2020,759208783.0,93,C#,Major,74,59,87,3,0,8,5,Very High
Something In The Way - Remastered 2021,Nirvana,1991,368646862.0,106,G#,Major,44,8,20,74,42,11,3,Very High
Sweetest Pie,"Dua Lipa, Megan Thee Stallion",2022,299634472.0,124,G,Major,81,68,63,17,0,10,22,Very High
Bam Bam (feat. Ed Sheeran),"Camila Cabello, Ed Sheeran",2022,756907987.0,95,G#,Major,76,96,70,18,0,33,4,Very High
Una Noche en Medellï¿½,Cris Mj,2022,682475162.0,96,A#,Minor,87,82,53,10,0,5,8,Very High
Envolver,Anitta,2021,546191065.0,92,E,Minor,81,40,73,15,0,9,8,Very High
Starlight,Dave,2022,229473310.0,124,G,Major,95,36,37,35,0,10,28,Very High
Hati-Hati di Jalan,Tulus,2022,202677468.0,72,F#,Major,64,76,44,70,9,12,4,Very High
"I'm Tired - From ""Euphoria"" An Original HBO Series",Labrinth,2022,121913181.0,71,,Minor,28,26,20,19,0,30,3,High
DANï¿½ï¿½A,"Mc Pedrinho, Pedro Sampaio",2022,208166039.0,135,A,Minor,78,55,57,4,0,10,8,Very High
Yo Voy (feat. Daddy Yankee),Zion & Lennox,2004,527033089.0,95,A#,Major,81,56,70,4,0,5,24,Very High
"Residente: Bzrp Music Sessions, Vol. 49","Residente, Bizarrap",2022,94616487.0,71,C#,Minor,59,70,74,56,0,11,40,Low
Jordan,Ryan Castro,2021,394030335.0,180,A#,Minor,80,71,68,6,0,10,37,Very High
Nail Tech,Jack Harlow,2022,193443895.0,150,E,Minor,65,11,58,0,0,12,9,Very High
Chale,Eden Muï¿½ï,2022,299648208.0,189,G#,Major,55,86,44,40,0,7,4,Very High
DARARI,Treasure,2022,182978249.0,85,,Major,72,55,64,49,0,7,4,Very High
Ya No Somos Ni Seremos,Christian Nodal,2022,319757142.0,140,G,Major,59,73,45,44,0,34,3,Very High
Thinking with My Dick,"Kevin Gates, Juicy J",2013,109091573.0,81,,Major,77,68,70,6,0,17,20,Medium
Freaky Deaky,"Tyga, Doja Cat",2022,153240879.0,104,D,Minor,80,24,65,2,0,9,4,Very High
this is what falling in love feels like,JVKE,2021,346127840.0,129,B,Major,42,33,44,62,0,8,6,Very High
La Zona,Bad Bunny,2020,312622938.0,94,C#,Minor,76,81,80,20,0,25,4,Very High
Bohemian Rhapsody - Remastered 2011,Queen,1975,2197010679.0,71,,Minor,41,23,40,27,0,30,5,Very High
Hope,XXXTENTACION,2018,1200808494.0,146,A,Minor,59,23,46,66,0,15,6,Very High
Levitating,Dua Lipa,2020,797196073.0,103,F#,Minor,69,90,88,5,0,29,8,Very High
Wake Me Up - Radio Edit,Avicii,2013,1970673297.0,124,D,Major,53,66,78,0,0,16,5,Very High
"jealousy, jealousy",Olivia Rodrigo,2021,665765558.0,164,A#,Minor,70,71,58,24,0,7,13,Very High
Monï¿½ï¿½y so,YEAT,2021,263779030.0,138,D,Major,69,35,57,12,0,10,9,Very High
Demasiadas Mujeres,C. Tangana,2020,339473453.0,126,A,Minor,67,37,46,13,0,10,39,Very High
Something Just Like This,"The Chainsmokers, Coldplay",2017,2204080728.0,103,B,Minor,61,47,65,3,0,17,4,Very High
Closer,"The Chainsmokers, Halsey",2016,2591224264.0,95,G#,Major,75,64,52,41,0,11,3,Very High
O.O,NMIXX,2022,135444283.0,200,B,Minor,39,28,77,4,0,6,29,High
Somebody That I Used To Know,"Gotye, Kimbra",2011,1457139296.0,129,,Major,86,75,52,54,0,10,4,Very High
Tom's Diner,"AnnenMayKantereit, Giant Rooks",2019,236872197.0,98,F#,Minor,68,33,43,38,0,36,14,Very High
First Class,Jack Harlow,2022,694525298.0,107,G#,Major,91,32,56,3,0,11,10,Very High
Plan A,Paulo Londra,2022,240661097.0,174,,Major,58,56,83,5,0,7,4,Very High
Fuera del mercado,Danny Ocean,2022,421365166.0,92,G#,Major,45,27,67,32,0,13,14,Very High
X ï¿½ï¿½LTIMA,"Daddy Yankee, Bad Bunny",2022,349746291.0,90,G,Major,81,59,83,9,0,11,5,Very High
When You're Gone,Shawn Mendes,2022,255120451.0,147,F,Major,60,58,69,2,0,58,4,Very High
In My Head,Lil Tjay,2022,190981339.0,143,C#,Major,68,41,55,16,0,10,12,Very High
Wait a Minute!,Willow,2015,924193303.0,101,D#,Minor,76,63,71,3,0,10,3,Very High
LOVE DIVE,IVE,2022,305771063.0,118,C#,Minor,70,54,71,0,0,33,4,Very High
Pantysito,"Feid, Alejo, Robi",2022,273005485.0,98,G,Minor,83,63,74,14,0,16,6,Very High
Chance,Paulo Londra,2022,89566512.0,138,C#,Minor,72,22,46,24,0,9,6,Low
Cool for the Summer,Demi Lovato,2015,677389855.0,114,F,Minor,59,30,62,1,0,8,4,Very High
psychofreak (feat. WILLOW),"Camila Cabello, Willow",2022,75476209.0,180,G,Minor,63,45,64,34,0,9,8,
Angel Baby,Troye Sivan,2021,408843328.0,145,B,Major,56,41,57,1,0,13,3,Very High
Vampiro,"Matuï¿½ï¿½, Wiu, ",2022,187772591.0,115,G#,Minor,78,63,64,1,0,7,4,Very High
Si Quieren Frontear,"De La Ghetto, Duki, Quevedo",2022,178512385.0,82,A#,Major,79,48,84,13,0,21,23,Very High
Right On,Lil Baby,2022,101780047.0,166,D,Major,70,22,61,2,0,10,34,Medium
Me Arrepentï¿,"Ak4:20, Cris Mj, Pailita",2022,118381354.0,92,,Major,86,91,79,29,0,60,16,Medium
That's Hilarious,Charlie Puth,2022,146363130.0,108,F#,Major,71,55,44,74,0,11,6,Very High
Soy El Unico,Yahritza Y Su Esencia,2022,126443991.0,84,E,Minor,71,63,45,45,0,11,3,High
RUMBATï¿½,Daddy Yankee,2022,157990698.0,95,D#,Minor,69,90,91,6,0,35,4,Very High
sentaDONA (Remix) s2,"Luï¿½ï¿½sa Sonza, MC Frog, Dj Gabriel do Borel, Davi K",2022,176290831.0,135,D#,Minor,93,77,45,25,0,13,27,Very High
Falling,Harry Styles,2019,1023187129.0,110,E,Major,57,6,27,84,0,9,3,Very High
Sigue,"Ed Sheeran, J Balvin",1996,106933107.0,88,G,Major,89,59,64,5,0,19,7,Medium
Fim de Semana no Rio,teto,2022,139193812.0,119,C#,Minor,87,28,50,12,0,10,10,High
MANIAC,Stray Kids,2022,212234990.0,120,C#,Major,58,71,80,15,0,7,41,Very High
There's Nothing Holdin' Me Back,Shawn Mendes,2016,1714490998.0,122,D,Major,86,97,80,36,0,9,6,Very High
IDGAF (with blackbear),"Blackbear, BoyWithUke",2022,197643795.0,98,F,Major,78,83,75,41,0,27,8,Very High
Golden,Harry Styles,2019,807015863.0,140,E,Minor,45,25,84,21,0,13,6,Very High
Get Lucky - Radio Edit,"Pharrell Williams, Nile Rodgers, Daft Punk",2013,933815613.0,116,F#,Minor,79,87,81,4,0,10,4,Very High
Ain't Shit,Doja Cat,2021,499710590.0,124,D#,Major,86,62,49,51,0,35,21,Very High
"Nobody Like U - From ""Turning Red""","Jordan Fisher, Josh Levi, Finneas O'Connell, 4*TOWN (From Disney and Pixarï¿½ï¿½ï¿½s Turning Red), Topher Ngo, Grayson Vill",2022,120847157.0,105,A,Minor,91,73,72,13,0,9,15,High
Still Life,BIGBANG,2022,53909146.0,118,G#,Major,68,24,58,44,0,6,3,
Photograph,Ed Sheeran,2014,2236667932.0,108,E,Major,61,20,38,61,0,10,5,Very High
Love Yourself,Justin Bieber,2015,2123309722.0,100,E,Major,61,53,38,84,0,28,44,Very High
N95,Kendrick Lamar,2022,301242089.0,140,D#,Minor,81,39,66,38,0,12,14,Very High
About Damn Time,Lizzo,2022,723894473.0,109,A#,Minor,84,72,74,10,0,34,7,Very High
Die Hard,"Kendrick Lamar, Blxst, Amanda Reifer",2022,237351106.0,101,C#,Minor,78,40,74,36,0,17,27,Very High
Despuï¿½ï¿½s de la P,Bad Bunny,2022,461558540.0,78,F,Major,56,61,90,36,0,18,31,Very High
Un Ratito,Bad Bunny,2022,417230415.0,93,,Minor,79,22,55,31,0,12,5,Very High
United In Grief,Kendrick Lamar,2022,156898322.0,87,G#,Major,52,32,83,24,0,17,43,Very High
Father Time (feat. Sampha),"Kendrick Lamar, Sampha",2022,127309180.0,153,A#,Minor,55,50,78,19,0,11,35,High
Yo No Soy Celoso,Bad Bunny,2022,313113297.0,142,,Major,87,93,59,28,0,17,5,Very High
Rich Spirit,Kendrick Lamar,2022,173702135.0,96,A#,Minor,85,41,43,39,0,12,21,Very High
Cooped Up (with Roddy Ricch),"Post Malone, Roddy Ricch",2022,271666301.0,125,,Major,50,39,78,4,0,11,33,Very High
Me Fui de Vacaciones,Bad Bunny,2022,305650299.0,85,A#,Major,71,43,65,23,0,9,5,Very High
Silent Hill,"Kendrick Lamar, Kodak Black",2022,123216717.0,140,C#,Minor,92,78,57,46,0,14,9,High
La Corriente,"Tony Dize, Bad Bunny",2022,479655659.0,196,B,Minor,66,58,79,23,0,22,20,Very High
Count Me Out,Kendrick Lamar,2022,126191104.0,134,G,Major,78,51,43,69,0,14,9,High
Andrea,"Buscabulla, Bad Bunny",2022,344055883.0,103,C#,Minor,80,45,62,76,0,10,38,Very High
Dos Mil 16,Bad Bunny,2022,338422004.0,130,C#,Major,82,50,67,12,0,13,5,Very High
We Cry Together,"Kendrick Lamar, Taylour Paige",2022,68895644.0,108,B,Major,65,52,69,31,0,8,36,
Savior,"Kendrick Lamar, Sam Dew, Baby Keem",2022,86176890.0,123,G#,Major,61,66,71,53,0,32,46,Low
Un Coco,Bad Bunny,2022,403231558.0,152,B,Major,84,74,69,21,0,18,6,Very High
Otro Atardecer,"Bad Bunny, The Marï¿½ï",2022,319546754.0,108,D,Major,78,55,60,59,0,7,4,Very High
Worldwide Steppers,Kendrick Lamar,2022,61739839.0,72,A#,Minor,56,56,47,76,0,8,36,
Aguacero,Bad Bunny,2022,283359161.0,121,F#,Minor,86,67,65,42,0,35,7,Very High
Purple Hearts,"Kendrick Lamar, Ghostface Killah, Summer Walker",2022,76831876.0,138,D#,Minor,57,71,82,19,0,15,29,
Un Verano Sin Ti,Bad Bunny,2022,283332261.0,188,F,Minor,50,41,50,69,0,12,6,Very High
ULTRA SOLO,"Polima WestCoast, Pailita",2022,307752576.0,110,C#,Major,80,26,85,23,0,11,21,Very High
Ensï¿½ï¿½ï¿½ï¿½ame ,Bad Bunny,2022,279737940.0,105,G#,Major,81,77,79,19,0,47,8,Very High
El Apagï¿½,Bad Bunny,2022,212351890.0,118,G#,Major,63,60,70,5,0,9,31,Very High
Callaita,"Bad Bunny, Tainy",2019,1304313953.0,176,D,Major,61,24,62,60,0,24,31,Very High
Dua Lipa,Jack Harlow,2022,150500965.0,158,B,Major,83,41,65,0,10,11,8,Very High
Agosto,Bad Bunny,2022,246127838.0,115,C#,Minor,85,72,58,9,0,49,12,Very High
House Of Memories,Panic! At The Disco,2016,582863434.0,110,B,Minor,51,48,82,0,0,5,3,Very High
Mr. Morale,"Kendrick Lamar, Tanna Leone",2022,58687425.0,174,A,Major,73,26,54,30,0,34,32,
That That (prod. & feat. SUGA of BTS),"PSY, Suga",2022,212109195.0,130,E,Major,91,91,96,3,0,3,9,Very High
In The Stars,Benson Boone,2022,382199619.0,78,A#,Major,36,30,54,34,0,14,5,Very High
Rich - Interlude,Kendrick Lamar,2022,41210087.0,104,G,Major,44,74,42,88,0,9,9,
SUPERMODEL,Mï¿½ï¿½ne,2022,231657891.0,121,G,Major,64,80,88,0,0,12,6,Very High
Stefania (Kalush Orchestra),KALUSH,2022,53729194.0,105,D,Major,83,32,82,14,0,12,4,
Thousand Miles,The Kid Laroi,2022,244741137.0,81,G,Major,38,20,66,9,0,9,8,Very High
Crown,Kendrick Lamar,2022,42485571.0,170,C#,Minor,37,14,24,80,0,11,4,
Auntie Diaries,Kendrick Lamar,2022,37778188.0,78,G,Major,43,60,38,76,1,48,38,
PUFFIN ON ZOOTIEZ,Future,2022,254218729.0,125,G#,Major,88,28,66,6,0,13,31,Very High
Mirror,Kendrick Lamar,2022,53603447.0,92,E,Minor,66,29,65,23,0,8,7,
Beautiful Girl,Luciano,2022,160035717.0,140,B,Minor,84,61,42,31,0,9,9,Very High
"Paulo Londra: Bzrp Music Sessions, Vol. 23","Bizarrap, Paulo Londra",2022,164163229.0,96,,Major,61,32,90,25,0,10,9,Very High
Savior - Interlude,Kendrick Lamar,2022,37091576.0,118,F,Minor,66,83,43,84,0,19,19,
Pasoori,"Shae Gill, Ali Sethi",2022,284249832.0,92,B,Minor,71,67,60,7,0,6,4,Very High
Mother I Sober (feat. Beth Gibbons of Portishead),"Kendrick Lamar, Beth Gibbons",2022,33381454.0,140,G#,Minor,49,50,37,87,0,11,35,
TUS Lï¿½ï¿½GR,"Sech, Mora",2022,184622518.0,174,C#,Major,68,45,71,18,0,11,25,Very High
Where Did You Go?,"MNEK, Jax Jones",2022,300983101.0,127,A#,Major,77,53,78,19,0,29,4,Very High
I Tried to Tell Y'all,"Ugly Dray, Tesla Jnr",2022,121077868.0,96,B,Major,71,37,52,62,0,11,36,High
Honest (feat. Don Toliver),"Justin Bieber, Don Toliver",2022,106919680.0,150,G#,Minor,82,82,66,13,0,11,6,Medium
ZOOM,Jessi,2022,136996305.0,100,F#,Major,87,46,60,1,0,13,16,High
SloMo,Chanel,2021,65719930.0,105,C#,Minor,73,59,81,13,0,9,6,
FEARLESS,LE SSERAFIM,2022,229497852.0,104,G,Major,86,43,62,5,0,13,14,Very High
10 Things I Hate About You,Leah Kate,2022,185550869.0,154,G#,Major,54,45,79,1,0,17,5,Very High
SPACE MAN,Sam Ryder,2022,54682594.0,80,B,Major,47,33,83,18,0,10,5,
With you,"HA SUNG WOON, Jimin",2022,240580042.0,150,D#,Major,53,14,43,64,0,13,3,Very High
Iris,The Goo Goo Dolls,1998,1284942608.0,156,B,Minor,32,49,72,0,0,9,4,Very High
The Heart Part 5,Kendrick Lamar,2022,71423324.0,98,G#,Minor,76,79,81,18,0,6,34,
San Lucas,Kevin Kaarl,2019,244891912.0,92,G,Major,58,27,36,86,0,9,3,Very High
This Love (Taylorï¿½ï¿½ï¿½s Ve,Taylor Swift,2022,132171975.0,144,E,Major,47,7,50,32,0,7,4,High
Good Looking,Suki Waterhouse,2017,184706613.0,150,E,Major,37,27,56,8,0,13,3,Very High
Flowers,Lauren Spencer Smith,2021,184826429.0,138,D#,Major,70,31,44,84,0,9,39,Very High
Yet To Come,BTS,2022,302006641.0,172,C#,Major,56,68,89,4,0,33,19,Very High
Run BTS,BTS,2022,330881149.0,77,G#,Major,72,70,82,2,0,4,17,Very High
Music For a Sushi Restaurant,Harry Styles,2022,334733572.0,107,B,Major,72,36,72,26,6,11,4,Very High
Matilda,Harry Styles,2022,366214458.0,114,D,Major,51,39,29,90,0,10,4,Very High
For Youth,BTS,2022,114546317.0,117,D,Major,63,29,51,43,0,25,4,Medium
Daylight,Harry Styles,2022,290833204.0,146,,Major,69,63,45,48,0,18,4,Very High
Vegas (From the Original Motion Picture Soundtrack ELVIS),Doja Cat,2022,448500832.0,160,G#,Minor,80,74,60,8,0,14,26,Very High
Cash In Cash Out,"Pharrell Williams, Tyler, The Creator, 21 Savage",2022,136676504.0,120,G,Major,88,15,56,1,0,8,6,High
Potion (with Dua Lipa & Young Thug),"Calvin Harris, Dua Lipa, Young Thug",2022,190625045.0,100,B,Minor,82,76,70,16,0,8,5,Very High
Born Singer,BTS,2022,79095270.0,158,G#,Minor,60,68,84,4,0,24,11,
Little Freak,Harry Styles,2022,273194684.0,142,D#,Major,56,40,54,72,0,10,4,Very High
La Llevo Al Cielo (Ft. ï¿½ï¿½engo F,"Nengo Flow, Anuel Aa, Chris Jedi, Chencho Corleone",2022,333146475.0,170,A,Minor,80,77,85,11,0,17,14,Very High
True Love,"Kanye West, XXXTENTACION",2022,194902696.0,84,F,Minor,71,39,86,2,0,51,25,Very High
Satellite,Harry Styles,2022,311482393.0,139,,Major,58,30,46,14,0,9,3,Very High
Pass The Dutchie,Musical Youth,1982,195918494.0,151,G,Major,73,88,67,20,0,32,5,Very High
"Villano Antillano: Bzrp Music Sessions, Vol. 51","Bizarrap, Villano Antillano",2022,248511839.0,128,C#,Minor,82,42,75,6,0,63,6,Very High
Love Of My Life,Harry Styles,2022,233671263.0,118,G,Major,56,20,54,67,0,6,5,Very High
Grapejuice,Harry Styles,2022,199587884.0,183,F,Major,65,88,72,36,14,20,3,Very High
So Good,Halsey,2022,91781263.0,83,D#,Minor,63,29,62,4,0,18,4,Low
Belly Dancer,"BYOR, Imanbek",2022,383835984.0,122,C#,Major,85,42,80,6,0,17,14,Very High
Keep Driving,Harry Styles,2022,236060709.0,165,A,Major,72,90,48,32,0,18,23,Very High
Cinema,Harry Styles,2022,189236868.0,106,A,Minor,83,90,64,35,5,9,4,Very High
Die Young (feat. 347aidan),"Sleepy hallow, 347aidan",2022,160845341.0,77,B,Major,81,68,58,83,0,11,34,Very High
Only Love Can Hurt Like This,Paloma Faith,2014,588955257.0,91,G#,Major,57,30,89,10,0,33,8,Very High
Hold My Hand,Lady Gaga,2022,238350348.0,148,G,Major,51,21,63,5,0,41,3,Very High
Daydreaming,Harry Styles,2022,187703102.0,114,E,Minor,71,90,81,31,2,13,3,Very High
Numb,"Marshmello, Khalid",2022,295307001.0,120,,Minor,91,63,77,12,1,10,5,Very High
Nos Comemos (feat. Ozuna),"Ozuna, Tiago pzk",2022,138334433.0,92,F#,Major,83,56,82,10,0,9,5,High
Me and Your Mama,Childish Gambino,2016,445590495.0,118,F,Major,56,25,45,1,3,7,3,Very High
Crazy What Love Can Do,"David Guetta, Ella Henderson, Becky Hill",2022,286739476.0,123,E,Minor,60,46,71,3,0,16,4,Very High
SLOW DANCING IN THE DARK,Joji,2018,1122364376.0,89,D#,Major,52,28,48,54,1,19,3,Very High
Antes de Perderte,Duki,2022,157136970.0,110,F,Minor,81,61,93,49,0,12,11,Very High
Boyfriends,Harry Styles,2022,137070925.0,118,,Major,42,32,20,94,0,11,4,High
295,Sidhu Moose Wala,2021,183273246.0,90,B,Minor,68,54,76,21,0,11,20,Very High
Tak Ingin Usai,Keisya Levronka,2022,184807630.0,130,,Major,49,14,40,82,0,11,3,Very High
En El Radio Un Cochinero,Victor Cibrian,2022,164856284.0,154,F#,Minor,70,97,62,47,0,10,4,Very High
Master of Puppets (Remastered),Metallica,1986,704171068.0,105,E,Minor,54,59,83,0,44,20,4,Very High
BREAK MY SOUL,Beyoncï¿,2022,354614964.0,115,C#,Minor,70,87,88,4,0,26,8,Very High
ULTRA SOLO REMIX,"De La Ghetto, Feid, Polima WestCoast, Paloma Mami, Pailita",2022,279717388.0,110,C#,Major,91,59,82,8,0,6,8,Very High
Massive,Drake,2022,195628667.0,125,E,Minor,51,5,68,12,2,15,6,Very High
Betty (Get Money),Yung Gravy,2022,221752937.0,102,C#,Major,73,62,75,0,0,34,8,Very High
Ojos Marrones,Lasso,2022,263280370.0,120,G#,Minor,81,72,65,4,0,14,4,Very High
POP!,Nayeon,2022,213505179.0,97,D,Major,80,36,86,4,0,3,5,Very High
Layla,"Schï¿½ï¿½rze, DJ R",2022,130419412.0,140,F,Minor,44,41,92,0,0,44,7,High
MORE,j-hope,2022,155795783.0,97,D,Major,78,31,72,1,0,11,4,Very High
Sweet Child O' Mine,Guns N' Roses,1987,1553497987.0,125,F#,Major,45,67,90,9,11,10,5,Very High
Last Last,Burna Boy,2022,293466523.0,88,D#,Minor,80,55,56,13,0,8,9,Very High
SNAP,Rosa Linn,2022,711366595.0,170,,Major,56,52,64,11,0,45,7,Very High
Sticky,Drake,2022,191448892.0,137,A#,Minor,88,8,49,9,0,9,14,Very High
Hot Shit (feat. Ye & Lil Durk),"Kanye West, Lil Durk, Cardi B",2022,85924992.0,157,A,Major,88,52,69,0,0,8,23,Low
Ai Preto,"L7nnon, DJ Biel do Furduncinho, Bianca",2022,176103902.0,130,F#,Major,95,83,57,54,0,10,25,Very High
La Loto,"Anitta, Tini, Becky G",2022,121189256.0,90,C#,Major,85,80,83,10,0,8,11,High
die first,Nessa Barrett,2022,131746175.0,183,G#,Minor,44,44,67,7,0,12,13,High
Afraid To Feel,LF System,2022,244790012.0,128,C#,Major,58,68,91,2,0,27,11,Very High
Baile no Morro,"Mc Vitin Da Igrejinha, MC Tairon, DJ Win",2022,129314708.0,130,D#,Minor,71,78,40,46,0,7,45,High
cï¿½ï¿½mo dormi,Rels B,2022,331511413.0,126,C#,Major,63,56,43,24,0,12,23,Very High
Bad Decisions (with BTS & Snoop Dogg),"Snoop Dogg, BTS, Benny Blanco",2022,219196651.0,120,,Major,77,94,87,2,0,23,12,Very High
STAYING ALIVE (feat. Drake & Lil Baby),"Drake, DJ Khaled, Lil Baby",2022,170732845.0,130,E,Minor,72,18,46,7,0,28,8,Very High
Caile,Luar La L,2020,273914335.0,122,,Major,70,46,76,30,0,9,45,Very High
Si Te La Encuentras Por Ahï¿,Feid,2022,179061440.0,172,G#,Minor,74,46,58,15,0,13,8,Very High
GIVENCHY,Duki,2022,185236961.0,103,G#,Major,61,38,62,14,0,23,40,Very High
ALIEN SUPERSTAR,Beyoncï¿,2022,171788484.0,122,A#,Minor,55,46,64,0,0,17,10,Very High
Mary On A Cross,Ghost,2019,387080183.0,130,B,Major,47,56,90,0,0,10,4,Very High
Attention,NewJeans,2022,264717480.0,105,A#,Minor,81,70,65,24,0,8,4,Very High
THE SHADE,Rex Orange County,2022,244928911.0,120,F,Major,90,73,51,39,0,9,6,Very High
"Come Back Home - From ""Purple Hearts""",Sofia Carson,2022,97610446.0,145,G,Major,56,43,53,24,0,12,4,Low
El Rescate,"Grupo Marca Registrada, Junior H",2022,287278853.0,99,G,Minor,79,64,59,28,0,11,14,Very High
Heartless,Kanye West,2008,887906111.0,88,A#,Minor,79,66,65,5,0,25,14,Very High
"Stay With Me (with Justin Timberlake, Halsey, & Pharrell)","Calvin Harris, Halsey, Pharrell Williams, Justin Timberlake",2022,123473120.0,126,A,Major,81,90,73,28,0,29,4,High
Siempre Pendientes,"Peso Pluma, Luis R Conriquez",2022,295152154.0,136,,Major,77,71,75,33,1,13,4,Very High
JGL,"Luis R Conriquez, La Adictiva",2022,323455692.0,113,G#,Major,70,97,59,55,0,27,12,Very High
Don't You Worry,"David Guetta, Shakira, Black Eyed Peas",2022,240918092.0,132,B,Major,82,49,88,20,0,21,3,Very High
Pipoco,"Melody, Ana Castela, Dj Chris No Beat",2022,191873381.0,135,G#,Major,77,74,74,47,0,34,8,Very High
Hold Me Closer,"Elton John, Britney Spears",2017,284216603.0,126,,Major,67,49,77,11,0,19,11,Very High
Forget Me,Lewis Capaldi,2022,239411309.0,102,C#,Minor,67,72,74,30,0,36,4,Very High
After LIKE,IVE,2022,265548837.0,125,,Major,68,80,92,10,0,9,12,Very High
Bound 2,Kanye West,2013,703301727.0,149,C#,Major,37,28,66,14,0,9,5,Very High
B.O.T.A. (Baddest Of Them All) - Edit,"Interplanetary Criminal, Eliza Rose",2022,244585109.0,137,,Major,74,71,89,24,61,15,5,Very High
Talk that Talk,TWICE,2022,189476119.0,120,D#,Minor,77,78,91,14,0,33,12,Very High
BILLIE EILISH.,Armani White,2022,277132266.0,100,C#,Major,90,75,50,11,0,9,26,Very High
Ferxxo 100,Feid,2022,278920007.0,164,G#,Minor,70,58,57,25,0,15,7,Very High
KU LO SA - A COLORS SHOW,Oxlade,2022,222410722.0,93,A#,Minor,65,79,66,31,0,22,7,Very High
Prohibidox,Feid,2022,185392587.0,180,C#,Minor,65,52,80,5,0,6,25,Very High
Static,Steve Lacy,2022,202452860.0,79,C#,Major,34,22,31,43,63,10,7,Very High
The Scientist,Coldplay,2002,1608164312.0,146,F,Major,56,21,44,73,0,11,2,Very High
Sparks,Coldplay,2000,624101957.0,103,C#,Major,37,17,27,75,5,10,3,Very High
Talk,YEAT,2022,148461629.0,140,E,Minor,70,26,76,8,0,54,23,Very High
XQ Te Pones Asï¿,"Yandel, Feid",2022,47093942.0,92,A#,Major,81,48,70,13,0,15,7,
Selfish,PnB Rock,2016,380319238.0,102,C#,Minor,64,4,60,11,0,19,4,Very High
Sin Seï¿½ï,"Ovy On The Drums, Quevedo",2022,209106362.0,118,B,Minor,82,75,85,33,1,11,4,Very High
Lady Mi Amor,Feid,2022,53987404.0,93,D,Major,78,75,62,6,0,15,6,
Poland,Lil Yachty,2022,115331792.0,150,F,Minor,70,26,56,14,83,11,5,Medium
THE LONELIEST,Mï¿½ï¿½ne,2022,225093344.0,130,D,Major,52,24,60,0,0,8,3,Very High
Bye Bye,"Marshmello, Juice WRLD",2022,84697729.0,83,D#,Minor,65,24,53,6,0,51,4,Low
BABY OTAKU,"Fran C, Polima WestCoast, Nickoog Clk, Pablito Pesadilla",2022,159240673.0,102,A,Major,84,43,75,5,0,6,8,Very High
Nxde,(G)I-DLE,2022,170709584.0,136,E,Minor,73,65,91,4,0,48,18,Very High
Miss You,Southstar,1982,154356956.0,145,A,Major,66,24,58,17,0,19,5,Very High
we fell in love in october,girl in red,2018,723043854.0,130,G,Major,57,24,37,11,18,16,3,Very High
2 Be Loved (Am I Ready),Lizzo,2022,247689123.0,156,G,Major,72,92,77,9,0,8,11,Very High
Celestial,Ed Sheeran,2022,176474912.0,123,D,Major,57,50,85,5,0,16,4,Very High
Typa Girl,BLACKPINK,2022,235549288.0,132,G,Major,92,53,62,7,0,63,10,Very High
I Really Want to Stay at Your House,"Rosa Walton, Hallie Coggins",2020,140430339.0,125,D#,Minor,49,13,74,0,0,9,4,Very High
California Breeze,Lil Baby,2022,85559365.0,162,F,Minor,74,22,67,0,0,11,46,Low
Bamba (feat. Aitch & BIA),"Luciano, Aitch, Bï¿½",2022,146223492.0,138,A#,Major,80,82,81,14,0,13,36,Very High
Casei Com a Putaria,"MC Ryan SP, Love Funk, Mc Paiva ZS",2022,187701588.0,161,A#,Minor,59,62,60,12,0,5,44,Very High
Major Distribution,"Drake, 21 Savage",2022,154863153.0,131,G#,Minor,91,23,55,1,0,7,32,Very High
Pussy & Millions (feat. Travis Scott),"Drake, Travis Scott, 21 Savage",2022,191333656.0,122,E,Minor,75,45,63,6,0,35,12,Very High
Vigilante Shit,Taylor Swift,2022,253650850.0,80,E,Minor,80,16,28,17,0,12,39,Very High
Question...?,Taylor Swift,2022,223064273.0,109,G,Major,75,11,50,20,0,30,17,Very High
On BS,"Drake, 21 Savage",2022,170413877.0,158,A,Major,84,33,36,2,0,39,59,Very High
Mastermind,Taylor Swift,2022,218320587.0,126,E,Major,66,12,35,55,0,9,14,Very High
Circo Loco,"Drake, 21 Savage",2022,141720999.0,104,C#,Major,73,25,61,1,0,32,7,Very High
Labyrinth,Taylor Swift,2022,187339835.0,110,,Major,48,15,31,80,22,12,4,Very High
Spin Bout U,"Drake, 21 Savage",2022,198365537.0,130,G,Major,77,20,70,1,0,16,5,Very High
Sweet Nothing,Taylor Swift,2022,186104310.0,177,,Major,34,39,16,97,0,12,5,Very High
"Would've, Could've, Should've",Taylor Swift,2022,177503916.0,158,G,Major,48,55,84,43,0,15,12,Very High
Con La Brisa,"Ludwig Goransson, Foudeqush",2022,71095708.0,114,D,Minor,62,25,44,51,33,14,3,
Privileged Rappers,"Drake, 21 Savage",2022,112436403.0,144,F,Major,93,62,61,0,0,12,20,Medium
The Astronaut,Jin,2022,203436468.0,125,F,Major,54,22,76,0,0,14,3,Very High
BackOutsideBoyz,Drake,2022,93367537.0,142,F,Minor,85,40,43,4,0,39,32,Low
Broke Boys,"Drake, 21 Savage",2022,106249219.0,120,D,Major,64,11,53,1,0,25,27,Medium
The Great War,Taylor Swift,2022,181382590.0,96,F,Major,57,55,74,22,0,8,4,Very High
My Mind & Me,Selena Gomez,2022,91473363.0,144,A,Major,60,24,39,57,0,8,3,Low
Bigger Than The Whole Sky,Taylor Swift,2022,121871870.0,166,F#,Major,42,7,24,83,1,12,6,High
A Veces (feat. Feid),"Feid, Paulo Londra",2022,73513683.0,92,C#,Major,80,81,67,4,0,8,6,
En La De Ella,"Feid, Sech, Jhayco",2022,133895612.0,97,C#,Major,82,67,77,8,0,12,5,High
Alone,Burna Boy,2022,96007391.0,90,E,Minor,61,32,67,15,0,11,5,Low
